CandidateID,County,Votes
24167,COOK,77612
24168,COOK,76769
24169,COOK,77506
24170,COOK,84717
24171,COOK,52737
24172,COOK,65570
24173,COOK,57453
24174,COOK,60758
24175,COOK,101047
24176,SANGAMON,64900
24176,McLEAN,50713
24176,CHAMPAIGN,48600
24176,MACON,29616
24176,ADAMS,21377
24176,VERMILION,18950
24176,MACOUPIN,14161
24176,COLES,13381
24176,WOODFORD,13201
24176,LIVINGSTON,10403
24176,MORGAN,9726
24176,LOGAN,8509
24176,JERSEY,6599
24176,PIATT,6321
24176,DOUGLAS,5392
24176,DeWITT,5299
24176,PIKE,5231
24176,EDGAR,5079
24176,CLARK,4969
24176,MENARD,4334
24176,FORD,4276
24176,MOULTRIE,4160
24176,MASON,4065
24176,CUMBERLAND,3778
24176,CASS,3682
24176,GREENE,3398
24176,SCHUYLER,2426
24176,SCOTT,1652
24176,BROWN,1645
24176,CALHOUN,1561
24177,ST. CLAIR,55730
24177,MADISON,48399
24177,JACKSON,10567
24177,WILLIAMSON,9194
24177,MONROE,5763
24177,FRANKLIN,5139
24177,RANDOLPH,4970
24177,CHRISTIAN,4294
24177,CLINTON,4272
24177,MONTGOMERY,4202
24177,MARION,3991
24177,EFFINGHAM,3138
24177,JEFFERSON,3014
24177,PERRY,2957
24177,SALINE,2830
24177,UNION,2697
24177,BOND,2445
24177,SHELBY,2396
24177,FAYETTE,2038
24177,CRAWFORD,1971
24177,RICHLAND,1548
24177,WASHINGTON,1512
24177,MASSAC,1504
24177,WHITE,1407
24177,JOHNSON,1348
24177,LAWRENCE,1238
24177,JASPER,1202
24177,ALEXANDER,1116
24177,CLAY,1044
24177,WABASH,1018
24177,PULASKI,989
24177,WAYNE,894
24177,GALLATIN,815
24177,HAMILTON,793
24177,HARDIN,460
24177,POPE,438
24177,EDWARDS,390
24178,MADISON,52785
24178,ST. CLAIR,40630
24178,WILLIAMSON,17074
24178,JEFFERSON,10714
24178,EFFINGHAM,10665
24178,FRANKLIN,9653
24178,MONROE,9450
24178,CLINTON,9181
24178,JACKSON,9098
24178,MARION,8333
24178,CHRISTIAN,7973
24178,RANDOLPH,6684
24178,MONTGOMERY,6446
24178,SHELBY,6395
24178,SALINE,5996
24178,FAYETTE,5477
24178,PERRY,5157
24178,WAYNE,4819
24178,CRAWFORD,4758
24178,UNION,4478
24178,WHITE,4266
24178,WASHINGTON,4198
24178,RICHLAND,4191
24178,BOND,3804
24178,JOHNSON,3620
24178,MASSAC,3599
24178,CLAY,3549
24178,JASPER,2958
24178,WABASH,2909
24178,LAWRENCE,2825
24178,HAMILTON,2442
24178,EDWARDS,1943
24178,PULASKI,1337
24178,POPE,1252
24178,GALLATIN,1110
24178,HARDIN,1080
24178,ALEXANDER,997
24179,WILLIAMSON,14480
24180,WILLIAMSON,12270
24181,MADISON,45472
24181,BOND,3151
24182,MADISON,56572
24182,BOND,3186
24183,VERMILION,19232
24183,COLES,13293
24183,EDGAR,5061
24183,CLARK,4913
24183,CUMBERLAND,3734
24184,CHAMPAIGN,32427
24184,MACON,21866
24184,PIATT,5024
24184,DOUGLAS,4592
24184,DeWITT,4300
24184,MOULTRIE,3371
24185,CHAMPAIGN,43471
24185,MACON,15816
24185,PIATT,2458
24185,DeWITT,1710
24185,DOUGLAS,1605
24185,MOULTRIE,1490
24186,MOULTRIE,4295
24187,WILL,113325
24188,WILL,129097
24189,WHITESIDE,17196
24190,WINNEBAGO,46472
24190,BOONE,9988
24191,WINNEBAGO,48143
24191,BOONE,7798
24192,DuPAGE,176858
24193,DuPAGE,176470
24194,LAKE,181929
24195,LAKE,179072
24196,LAKE,18983
24197,McHENRY,80517
24198,BOND,5378
24199,CASS,2644
24200,CASS,1960
24201,ST. CLAIR,55199
24201,MONROE,5722
24201,RANDOLPH,4979
24201,PERRY,2966
24201,WASHINGTON,1618
24202,ST. CLAIR,41127
24202,MONROE,9472
24202,RANDOLPH,6714
24202,PERRY,5096
24202,WASHINGTON,4033
24203,KANKAKEE,29606
24203,IROQUOIS,9205
24204,COOK,1294541
24205,COOK,1284266
24207,MASSAC,4840
24208,WILL,114870
24209,WILL,126161
24210,JACKSON,10840
24210,WILLIAMSON,9958
24210,UNION,3963
24210,SALINE,2964
24210,MASSAC,1541
24210,JOHNSON,1468
24210,ALEXANDER,1311
24210,PULASKI,1105
24210,POPE,490
24211,WILLIAMSON,16804
24211,JACKSON,8921
24211,SALINE,6158
24211,MASSAC,3635
24211,JOHNSON,3585
24211,UNION,3548
24211,PULASKI,1248
24211,POPE,1200
24211,ALEXANDER,848
24212,COOK,76064
24213,COOK,133987
24214,COOK,85871
24215,COOK,87955
24216,COOK,80959
24217,COOK,53741
24218,COOK,71171
24219,COOK,64598
24220,COOK,54451
24221,COOK,48283
24222,COOK,48815
24223,COOK,85246
24224,ADAMS,21449
24224,PIKE,5246
24224,MENARD,4302
24224,MASON,4018
24224,CASS,3653
24224,SCHUYLER,2405
24224,BROWN,1634
24224,CALHOUN,1564
24225,BROWN,1761
24226,LEE,10538
24227,JACKSON,12076
24228,JACKSON,8025
24229,WINNEBAGO,44480
24229,BOONE,9808
24230,WINNEBAGO,50164
24230,BOONE,7974
24231,DuPAGE,193753
24232,DuPAGE,160469
24233,SHELBY,6080
24234,SHELBY,3132
24235,McLEAN,51374
24236,KANE,84894
24237,KANE,80135
24238,WILLIAMSON,16104
24238,JACKSON,9481
24238,SALINE,4744
24238,UNION,4484
24238,JOHNSON,3621
24238,MASSAC,3586
24238,PULASKI,1365
24238,POPE,1209
24238,ALEXANDER,1015
24239,WILLIAMSON,10404
24239,JACKSON,10174
24239,SALINE,4404
24239,UNION,2685
24239,MASSAC,1500
24239,JOHNSON,1338
24239,ALEXANDER,1097
24239,PULASKI,958
24239,POPE,484
24240,WILLIAMSON,9771
24241,WILLIAMSON,16929
24242,MADISON,52968
24243,MADISON,48384
24244,COLES,13516
24245,FULTON,9953
24246,STARK,1837
24247,CHAMPAIGN,42325
24247,MACON,16061
24247,PIATT,2543
24247,DOUGLAS,1838
24247,DeWITT,1714
24247,MOULTRIE,1408
24248,CHAMPAIGN,33458
24248,MACON,21325
24248,PIATT,4881
24248,DOUGLAS,4309
24248,DeWITT,4271
24248,MOULTRIE,3384
24249,LAKE,35660
24250,KANE,19717
24251,KANE,42227
24252,ST. CLAIR,55090
24252,MONROE,6075
24252,RANDOLPH,5171
24252,PERRY,3051
24252,WASHINGTON,1740
24253,ST. CLAIR,41377
24253,MONROE,9160
24253,RANDOLPH,6511
24253,PERRY,5011
24253,WASHINGTON,3905
24254,ST. CLAIR,41901
24255,ST. CLAIR,54037
24256,McHENRY,22361
24257,LAKE,12550
24257,COOK,1341
24258,LAKE,19644
24258,COOK,2394
24259,COOK,52172
24259,DuPAGE,12962
24260,COOK,198762
24260,DuPAGE,15230
24261,COOK,35388
24262,LAKE,18694
24263,LAKE,18789
24264,LAKE,20015
24265,LAKE,15082
24266,LAKE,19614
24267,McHENRY,26121
24268,McHENRY,12365
24268,LAKE,11564
24269,KANE,24281
24269,McHENRY,2194
24270,KANE,22407
24270,McHENRY,1899
24271,McHENRY,17648
24271,KANE,9292
24272,WINNEBAGO,18623
24273,WINNEBAGO,21052
24274,WINNEBAGO,19980
24275,WINNEBAGO,15325
24275,BOONE,9201
24276,WINNEBAGO,10043
24276,BOONE,6234
24277,DuPAGE,75483
24277,KANE,21446
24277,COOK,18608
24277,McHENRY,16247
24277,LAKE,14661
24278,DuPAGE,91991
24278,KANE,22746
24278,COOK,21705
24278,McHENRY,18857
24278,LAKE,13702
24279,COOK,26000
24280,COOK,88756
24281,DeKALB,13140
24281,KANE,5827
24281,BOONE,1340
24282,DeKALB,14375
24282,KANE,3458
24282,BOONE,1122
24283,WHITESIDE,11863
24283,ROCK ISLAND,8676
24283,HENRY,1946
24283,CARROLL,1385
24284,WHITESIDE,8671
24284,ROCK ISLAND,6433
24284,HENRY,1204
24284,CARROLL,497
24285,ROCK ISLAND,13440
24286,ROCK ISLAND,21966
24287,PEORIA,23903
24287,WOODFORD,6845
24287,MARSHALL,4022
24287,BUREAU,1791
24287,STARK,1788
24287,LaSALLE,548
24288,HENRY,13963
24288,KNOX,10366
24288,BUREAU,5862
24288,MERCER,5817
24288,LEE,917
24289,GRUNDY,13242
24289,KENDALL,10462
24289,WILL,6624
24289,LaSALLE,4038
24290,LaSALLE,13989
24290,BUREAU,1756
24290,PUTNAM,1187
24290,LIVINGSTON,361
24291,LaSALLE,16824
24291,BUREAU,2786
24291,PUTNAM,1348
24291,LIVINGSTON,227
24292,DuPAGE,3634
24292,COOK,2795
24293,COOK,9073
24293,DuPAGE,6347
24294,COOK,36237
24295,KANKAKEE,16608
24295,GRUNDY,1733
24295,WILL,1361
24296,KANKAKEE,13273
24296,GRUNDY,1497
24296,WILL,627
24297,COOK,30497
24298,COOK,215746
24299,COOK,35678
24300,COOK,18932
24300,WILL,13260
24301,DuPAGE,23270
24301,WILL,924
24302,DuPAGE,24293
24302,WILL,831
24303,COOK,13095
24303,DuPAGE,9585
24303,WILL,6992
24304,COOK,7379
24304,DuPAGE,7271
24304,WILL,3679
24305,KANE,15303
24306,DuPAGE,4683
24306,WILL,3039
24306,KENDALL,2155
24306,KANE,856
24307,DuPAGE,8997
24307,WILL,5340
24307,KENDALL,3779
24307,KANE,2941
24309,WILL,21768
24309,DuPAGE,4831
24310,WILL,8981
24311,WILL,21070
24312,SANGAMON,15811
24312,LOGAN,8535
24312,TAZEWELL,5924
24312,MENARD,4513
24313,TAZEWELL,16247
24313,McLEAN,9879
24314,McLEAN,10671
24314,TAZEWELL,7741
24315,STEPHENSON,9821
24315,JoDAVIESS,5060
24315,WINNEBAGO,4486
24315,CARROLL,2833
24315,OGLE,2635
24315,WHITESIDE,650
24316,STEPHENSON,6517
24316,JoDAVIESS,4260
24316,WINNEBAGO,2175
24316,CARROLL,1244
24316,OGLE,1235
24316,WHITESIDE,294
24317,COOK,50071
24318,COOK,39158
24319,COOK,33061
24319,DuPAGE,28758
24319,KANE,5254
24320,COOK,68334
24320,DuPAGE,49006
24320,KANE,12714
24321,COOK,31923
24322,OGLE,9679
24322,LEE,6996
24322,DeKALB,4687
24322,LaSALLE,2328
24322,WINNEBAGO,0
24323,OGLE,5513
24323,LEE,4381
24323,DeKALB,3832
24323,LaSALLE,1304
24323,WINNEBAGO,0
24324,TAZEWELL,13328
24324,FULTON,5746
24324,PEORIA,3828
24325,TAZEWELL,7269
24325,FULTON,3959
24325,PEORIA,1687
24326,PEORIA,26808
24327,McDONOUGH,5076
24327,MASON,2857
24327,CASS,2502
24327,KNOX,2145
24327,SCHUYLER,1777
24327,FULTON,1571
24327,BROWN,1203
24327,WARREN,739
24328,McDONOUGH,5149
24328,KNOX,3074
24328,MASON,2359
24328,CASS,2026
24328,SCHUYLER,1341
24328,FULTON,1289
24328,BROWN,681
24328,WARREN,446
24329,ADAMS,18091
24329,HANCOCK,5095
24329,WARREN,3033
24329,HENDERSON,1639
24330,MACOUPIN,9167
24330,CHRISTIAN,6988
24330,MONTGOMERY,5997
24330,MADISON,2399
24331,MACOUPIN,6499
24331,MONTGOMERY,5484
24331,CHRISTIAN,3161
24331,MADISON,1344
24332,MACON,6290
24332,SANGAMON,5169
24332,CHRISTIAN,1386
24333,MACON,11207
24333,SANGAMON,7426
24333,CHRISTIAN,1249
24334,WILL,17823
24334,KENDALL,4657
24335,WILL,17319
24335,KENDALL,4571
24336,WILL,13741
24337,WILL,24318
24338,SANGAMON,30909
24339,SANGAMON,21637
24340,COOK,76983
24341,COOK,213368
24342,COOK,30951
24343,COOK,28889
24344,COOK,73710
24345,ADAMS,21850
24345,MORGAN,9884
24345,PIKE,5352
24345,CASS,3687
24345,SCOTT,1700
24345,BROWN,1689
24345,SANGAMON,107
24345,CALHOUN,84
24345,HANCOCK,7
24345,MACOUPIN,5
24345,GREENE,4
24345,MENARD,0
24346,JACKSON,16240
24346,PERRY,6290
24346,UNION,5577
24346,PULASKI,1895
24346,ALEXANDER,1614
24346,RANDOLPH,300
24346,MASSAC,14
24346,JOHNSON,0
24347,COOK,452625
24347,DuPAGE,171711
24347,WILL,116106
24347,LAKE,109916
24347,KANE,80217
24347,McHENRY,61299
24347,MADISON,55833
24347,WINNEBAGO,48969
24347,SANGAMON,48545
24347,ST. CLAIR,44601
24347,CHAMPAIGN,36881
24347,McLEAN,35879
24347,TAZEWELL,32667
24347,PEORIA,32234
24347,MACON,23373
24347,ROCK ISLAND,22925
24347,KENDALL,22150
24347,LaSALLE,21043
24347,KANKAKEE,20635
24347,ADAMS,17910
24347,WILLIAMSON,17717
24347,DeKALB,17242
24347,VERMILION,15456
24347,OGLE,12147
24347,WOODFORD,11695
24347,HENRY,11627
24347,EFFINGHAM,11140
24347,GRUNDY,11100
24347,WHITESIDE,11077
24347,COLES,10867
24347,MACOUPIN,10764
24347,BOONE,10445
24347,MONROE,10196
24347,STEPHENSON,10146
24347,CLINTON,9899
24347,FRANKLIN,9818
24347,JACKSON,9363
24347,JEFFERSON,9331
24347,KNOX,8970
24347,CHRISTIAN,8737
24347,LIVINGSTON,8487
24347,MARION,8343
24347,IROQUOIS,8210
24347,BUREAU,7686
24347,MORGAN,7663
24347,RANDOLPH,7299
24347,MONTGOMERY,7292
24347,LOGAN,7223
24347,LEE,7218
24347,SHELBY,6925
24347,FULTON,6629
24347,SALINE,6135
24347,McDONOUGH,5937
24347,JERSEY,5806
24347,FAYETTE,5720
24347,PIATT,5475
24347,JoDAVIESS,5283
24347,DOUGLAS,4987
24347,HANCOCK,4964
24347,PERRY,4898
24347,WAYNE,4846
24347,CRAWFORD,4790
24347,PIKE,4688
24347,UNION,4648
24347,DeWITT,4510
24347,EDGAR,4405
24347,WASHINGTON,4345
24347,RICHLAND,4282
24347,CLARK,4270
24347,WHITE,4225
24347,MERCER,4068
24347,BOND,3992
24347,FORD,3963
24347,CARROLL,3811
24347,MASSAC,3781
24347,MENARD,3780
24347,MOULTRIE,3779
24347,JOHNSON,3769
24347,CLAY,3655
24347,WARREN,3632
24347,CUMBERLAND,3295
24347,MARSHALL,3230
24347,MASON,3188
24347,JASPER,3184
24347,LAWRENCE,3020
24347,WABASH,2926
24347,GREENE,2897
24347,CASS,2792
24347,HAMILTON,2432
24347,SCHUYLER,2023
24347,EDWARDS,1942
24347,HENDERSON,1566
24347,SCOTT,1469
24347,BROWN,1410
24347,STARK,1407
24347,PUTNAM,1353
24347,PULASKI,1341
24347,CALHOUN,1310
24347,POPE,1296
24347,GALLATIN,1224
24347,HARDIN,1098
24347,ALEXANDER,1064
24348,COOK,1268742
24348,DuPAGE,184917
24348,LAKE,134919
24348,WILL,124864
24348,KANE,85027
24348,McHENRY,51707
24348,ST. CLAIR,50651
24348,MADISON,44145
24348,WINNEBAGO,43285
24348,CHAMPAIGN,40430
24348,SANGAMON,35043
24348,PEORIA,30953
24348,McLEAN,29570
24348,ROCK ISLAND,26255
24348,KENDALL,21558
24348,DeKALB,17678
24348,LaSALLE,17600
24348,TAZEWELL,17139
24348,KANKAKEE,14828
24348,MACON,14728
24348,JACKSON,10100
24348,WHITESIDE,9387
24348,WILLIAMSON,8556
24348,KNOX,8252
24348,GRUNDY,7312
24348,HENRY,7119
24348,VERMILION,7119
24348,BOONE,6946
24348,OGLE,6391
24348,MACOUPIN,6378
24348,STEPHENSON,5764
24348,ADAMS,5748
24348,COLES,5568
24348,FULTON,5353
24348,BUREAU,5227
24348,MONROE,4812
24348,FRANKLIN,4793
24348,LEE,4734
24348,RANDOLPH,4152
24348,WOODFORD,4098
24348,JEFFERSON,4001
24348,MARION,3867
24348,McDONOUGH,3809
24348,JoDAVIESS,3646
24348,CHRISTIAN,3566
24348,MORGAN,3539
24348,CLINTON,3537
24348,MONTGOMERY,3533
24348,LIVINGSTON,3235
24348,EFFINGHAM,2744
24348,SALINE,2655
24348,MERCER,2574
24348,LOGAN,2477
24348,UNION,2467
24348,PERRY,2457
24348,JERSEY,2397
24348,WARREN,2254
24348,BOND,2123
24348,PIATT,1980
24348,SHELBY,1970
24348,CARROLL,1915
24348,IROQUOIS,1822
24348,HANCOCK,1811
24348,FAYETTE,1785
24348,CRAWFORD,1776
24348,MASON,1728
24348,CLARK,1545
24348,RICHLAND,1488
24348,DeWITT,1487
24348,CASS,1457
24348,MENARD,1445
24348,EDGAR,1424
24348,MARSHALL,1361
24348,PIKE,1340
24348,WASHINGTON,1325
24348,MASSAC,1317
24348,WHITE,1312
24348,DOUGLAS,1267
24348,LAWRENCE,1182
24348,MOULTRIE,1166
24348,JOHNSON,1165
24348,GREENE,1127
24348,ALEXANDER,1066
24348,PUTNAM,1058
24348,CLAY,1006
24348,HENDERSON,989
24348,JASPER,984
24348,WABASH,951
24348,PULASKI,923
24348,FORD,904
24348,CUMBERLAND,892
24348,SCHUYLER,887
24348,WAYNE,883
24348,HAMILTON,824
24348,CALHOUN,747
24348,GALLATIN,706
24348,STARK,562
24348,SCOTT,461
24348,HARDIN,431
24348,BROWN,396
24348,POPE,372
24348,EDWARDS,360
24349,EFFINGHAM,10114
24349,CHRISTIAN,9002
24349,MONTGOMERY,8627
24349,FAYETTE,5364
24349,BOND,4568
24349,SHELBY,744
24349,CUMBERLAND,175
24349,MACOUPIN,32
24349,JASPER,31
24349,CLAY,4
24350,WINNEBAGO,72354
24350,BOONE,14401
24350,STEPHENSON,157
24350,McHENRY,4
24350,DeKALB,0
24351,HENRY,15974
24351,BUREAU,10819
24351,STARK,1761
24351,KNOX,174
24351,ROCK ISLAND,147
24351,LEE,74
24351,MARSHALL,65
24351,WHITESIDE,15
24351,MERCER,5
24351,PEORIA,0
24352,MACOUPIN,13972
24352,JERSEY,5616
24352,GREENE,3005
24352,CALHOUN,1541
24352,MADISON,639
24352,SANGAMON,292
24352,MONTGOMERY,73
24352,MORGAN,2
24352,SCOTT,1
24353,STEPHENSON,12916
24353,JoDAVIESS,7490
24353,CARROLL,5165
24353,WHITESIDE,138
24353,OGLE,23
24354,CHAMPAIGN,50452
24354,FORD,3753
24354,IROQUOIS,827
24354,VERMILION,162
24354,McLEAN,32
24354,DOUGLAS,11
24354,LIVINGSTON,9
24354,PIATT,2
24354,EDGAR,0
24355,COLES,14002
24355,SHELBY,6979
24355,DOUGLAS,5494
24355,EDGAR,5156
24355,CLARK,5043
24355,MOULTRIE,4132
24355,CUMBERLAND,3602
24355,CHRISTIAN,613
24355,PIATT,439
24355,FAYETTE,191
24355,CHAMPAIGN,165
24355,MACON,50
24355,JASPER,29
24355,EFFINGHAM,7
24355,CRAWFORD,0
24356,CRAWFORD,5431
24356,RICHLAND,4304
24356,CLAY,3295
24356,JASPER,3184
24356,LAWRENCE,2968
24356,CLARK,184
24356,WAYNE,165
24356,EFFINGHAM,3
24356,MARION,2
24356,CUMBERLAND,0
24357,JEFFERSON,10097
24357,CLINTON,8231
24357,MARION,7699
24357,WASHINGTON,4050
24357,FAYETTE,494
24357,BOND,87
24357,ST. CLAIR,0
24357,CLAY,0
24358,CLINTON,5568
24358,MARION,4760
24358,JEFFERSON,3560
24358,WASHINGTON,1659
24358,FAYETTE,169
24358,BOND,69
24358,CLAY,0
24358,ST. CLAIR,0
24359,COOK,355668
24359,DuPAGE,154514
24359,WILL,103249
24359,LAKE,98052
24359,KANE,72163
24359,McHENRY,55580
24359,MADISON,49381
24359,WINNEBAGO,43272
24359,ST. CLAIR,41195
24359,SANGAMON,38550
24359,McLEAN,32388
24359,CHAMPAIGN,28871
24359,TAZEWELL,28748
24359,PEORIA,28023
24359,ROCK ISLAND,20615
24359,KENDALL,20149
24359,MACON,19832
24359,LaSALLE,18194
24359,KANKAKEE,18117
24359,WILLIAMSON,15959
24359,ADAMS,15853
24359,DeKALB,15344
24359,VERMILION,13269
24359,OGLE,11099
24359,WOODFORD,10746
24359,HENRY,10542
24359,EFFINGHAM,10206
24359,WHITESIDE,9976
24359,GRUNDY,9699
24359,MONROE,9610
24359,COLES,9571
24359,BOONE,9516
24359,MACOUPIN,9465
24359,CLINTON,9109
24359,STEPHENSON,8950
24359,FRANKLIN,8718
24359,JEFFERSON,8510
24359,JACKSON,8237
24359,KNOX,8039
24359,MARION,7737
24359,LIVINGSTON,7718
24359,IROQUOIS,7433
24359,CHRISTIAN,7080
24359,BUREAU,6881
24359,RANDOLPH,6532
24359,MORGAN,6501
24359,LEE,6496
24359,LOGAN,6233
24359,SHELBY,6022
24359,MONTGOMERY,5896
24359,FULTON,5550
24359,SALINE,5391
24359,JERSEY,5322
24359,FAYETTE,5193
24359,McDONOUGH,5088
24359,JoDAVIESS,4777
24359,PERRY,4617
24359,WAYNE,4617
24359,PIATT,4591
24359,HANCOCK,4427
24359,CRAWFORD,4351
24359,DOUGLAS,4273
24359,PIKE,4122
24359,UNION,4094
24359,WASHINGTON,4069
24359,CLARK,3973
24359,EDGAR,3950
24359,DeWITT,3924
24359,RICHLAND,3892
24359,WHITE,3869
24359,MERCER,3595
24359,BOND,3589
24359,MASSAC,3560
24359,FORD,3497
24359,CARROLL,3467
24359,JOHNSON,3449
24359,CLAY,3433
24359,WARREN,3273
24359,MOULTRIE,3260
24359,MENARD,3134
24359,CUMBERLAND,2994
24359,JASPER,2863
24359,MARSHALL,2844
24359,LAWRENCE,2823
24359,WABASH,2757
24359,GREENE,2631
24359,MASON,2586
24359,CASS,2226
24359,HAMILTON,2226
24359,EDWARDS,1863
24359,SCHUYLER,1715
24359,HENDERSON,1407
24359,SCOTT,1295
24359,STARK,1248
24359,PULASKI,1235
24359,POPE,1215
24359,BROWN,1215
24359,PUTNAM,1149
24359,CALHOUN,1147
24359,GALLATIN,1094
24359,HARDIN,996
24359,ALEXANDER,962
24360,COOK,1347047
24360,DuPAGE,198268
24360,LAKE,144736
24360,WILL,136123
24360,KANE,91951
24360,McHENRY,56581
24360,ST. CLAIR,52704
24360,MADISON,50669
24360,WINNEBAGO,48768
24360,CHAMPAIGN,46633
24360,SANGAMON,44520
24360,PEORIA,34320
24360,McLEAN,32078
24360,ROCK ISLAND,28538
24360,KENDALL,23205
24360,LaSALLE,20434
24360,TAZEWELL,20430
24360,DeKALB,19152
24360,MACON,17845
24360,KANKAKEE,17073
24360,JACKSON,11210
24360,WHITESIDE,10505
24360,WILLIAMSON,10183
24360,KNOX,9230
24360,VERMILION,9122
24360,GRUNDY,8726
24360,HENRY,8058
24360,BOONE,7778
24360,MACOUPIN,7743
24360,ADAMS,7665
24360,OGLE,7174
24360,STEPHENSON,6807
24360,COLES,6680
24360,FULTON,6400
24360,BUREAU,6065
24360,FRANKLIN,5846
24360,LEE,5568
24360,MONROE,5384
24360,CHRISTIAN,5190
24360,RANDOLPH,5017
24360,MONTGOMERY,4841
24360,JEFFERSON,4804
24360,WOODFORD,4798
24360,MORGAN,4730
24360,McDONOUGH,4698
24360,MARION,4480
24360,CLINTON,4204
24360,JoDAVIESS,4132
24360,LIVINGSTON,3910
24360,EFFINGHAM,3673
24360,PERRY,3482
24360,SALINE,3411
24360,LOGAN,3408
24360,UNION,3056
24360,MERCER,3009
24360,JERSEY,2863
24360,SHELBY,2838
24360,PIATT,2701
24360,WARREN,2601
24360,BOND,2549
24360,IROQUOIS,2473
24360,HANCOCK,2340
24360,MASON,2334
24360,FAYETTE,2279
24360,CARROLL,2252
24360,CRAWFORD,2240
24360,MENARD,2083
24360,CASS,2060
24360,PIKE,1974
24360,DeWITT,1969
24360,CLARK,1872
24360,DOUGLAS,1869
24360,RICHLAND,1852
24360,EDGAR,1835
24360,WHITE,1695
24360,MARSHALL,1664
24360,MOULTRIE,1642
24360,WASHINGTON,1599
24360,MASSAC,1550
24360,JOHNSON,1510
24360,GREENE,1420
24360,LAWRENCE,1378
24360,JASPER,1301
24360,FORD,1290
24360,PUTNAM,1272
24360,SCHUYLER,1202
24360,CLAY,1199
24360,ALEXANDER,1195
24360,CUMBERLAND,1164
24360,HENDERSON,1153
24360,WABASH,1123
24360,PULASKI,1092
24360,WAYNE,1089
24360,HAMILTON,1064
24360,CALHOUN,936
24360,GALLATIN,848
24360,STARK,706
24360,SCOTT,643
24360,BROWN,598
24360,HARDIN,571
24360,POPE,463
24360,EDWARDS,440
24361,McLEAN,51032
24361,LIVINGSTON,10422
24361,LOGAN,7929
24361,DeWITT,5062
24361,TAZEWELL,1394
24361,PIATT,575
24361,FORD,513
24361,KANKAKEE,33
24361,MENARD,21
24361,WOODFORD,15
24361,IROQUOIS,6
24361,MACON,6
24361,SANGAMON,4
24361,LaSALLE,0
24362,SALINE,6800
24362,WHITE,4357
24362,WAYNE,3539
24362,WABASH,3006
24362,HAMILTON,2245
24362,GALLATIN,1580
24362,EDWARDS,1400
24362,POPE,1165
24362,HARDIN,1114
24362,WILLIAMSON,40
24362,JEFFERSON,27
24362,FRANKLIN,7
24362,RICHLAND,3
24362,LAWRENCE,2
24363,WILLIAMSON,19221
24363,FRANKLIN,10663
24363,MASSAC,3387
24363,JOHNSON,3190
24363,HAMILTON,15
24363,UNION,11
24363,JEFFERSON,4
24363,JACKSON,0
24364,FULTON,8808
24364,McDONOUGH,8237
24364,HANCOCK,5788
24364,SCHUYLER,2446
24364,HENDERSON,258
24364,KNOX,185
24364,ADAMS,30
24364,WARREN,15
24365,COOK,426196
24365,DuPAGE,168347
24365,LAKE,109287
24365,WILL,107859
24365,KANE,77289
24365,McHENRY,60646
24365,MADISON,48138
24365,WINNEBAGO,41156
24365,ST. CLAIR,40524
24365,SANGAMON,39099
24365,McLEAN,32501
24365,CHAMPAIGN,29690
24365,PEORIA,28254
24365,TAZEWELL,27986
24365,ROCK ISLAND,21434
24365,KENDALL,20442
24365,MACON,20316
24365,KANKAKEE,19249
24365,LaSALLE,19034
24365,DeKALB,16181
24365,ADAMS,15898
24365,WILLIAMSON,14471
24365,VERMILION,12402
24365,HENRY,10794
24365,WOODFORD,10457
24365,WHITESIDE,10221
24365,OGLE,10198
24365,GRUNDY,10184
24365,EFFINGHAM,9767
24365,MONROE,9348
24365,COLES,9159
24365,CLINTON,9112
24365,BOONE,8792
24365,STEPHENSON,8560
24365,FRANKLIN,7922
24365,JACKSON,7921
24365,MACOUPIN,7872
24365,JEFFERSON,7848
24365,KNOX,7831
24365,LIVINGSTON,7431
24365,IROQUOIS,7419
24365,MARION,7358
24365,BUREAU,6902
24365,CHRISTIAN,6701
24365,LEE,6056
24365,RANDOLPH,5939
24365,LOGAN,5840
24365,SHELBY,5694
24365,MORGAN,5382
24365,FULTON,5070
24365,JoDAVIESS,4900
24365,McDONOUGH,4798
24365,PIATT,4698
24365,MONTGOMERY,4669
24365,SALINE,4608
24365,FAYETTE,4407
24365,WAYNE,4340
24365,PERRY,4309
24365,HANCOCK,4255
24365,DOUGLAS,4223
24365,JERSEY,4200
24365,WASHINGTON,4031
24365,CRAWFORD,3996
24365,DeWITT,3981
24365,WHITE,3891
24365,EDGAR,3820
24365,UNION,3794
24365,CLARK,3742
24365,RICHLAND,3692
24365,CARROLL,3658
24365,MERCER,3658
24365,FORD,3495
24365,BOND,3388
24365,MASSAC,3363
24365,CLAY,3314
24365,MOULTRIE,3271
24365,WARREN,3261
24365,MENARD,3049
24365,JOHNSON,3013
24365,JASPER,2828
24365,CUMBERLAND,2809
24365,MARSHALL,2763
24365,PIKE,2633
24365,MASON,2599
24365,LAWRENCE,2589
24365,WABASH,2528
24365,CASS,2191
24365,HAMILTON,2076
24365,GREENE,1844
24365,EDWARDS,1745
24365,SCHUYLER,1525
24365,HENDERSON,1488
24365,STARK,1219
24365,PUTNAM,1217
24365,PULASKI,1094
24365,POPE,1091
24365,GALLATIN,1046
24365,BROWN,972
24365,CALHOUN,898
24365,SCOTT,882
24365,ALEXANDER,878
24365,HARDIN,835
24366,COOK,1262334
24366,DuPAGE,176556
24366,LAKE,128603
24366,WILL,123292
24366,KANE,81310
24366,ST. CLAIR,52603
24366,McHENRY,48633
24366,MADISON,46374
24366,WINNEBAGO,43440
24366,CHAMPAIGN,43257
24366,SANGAMON,36538
24366,PEORIA,31238
24366,McLEAN,29364
24366,ROCK ISLAND,25774
24366,KENDALL,20990
24366,TAZEWELL,17859
24366,LaSALLE,17397
24366,DeKALB,17016
24366,MACON,14961
24366,KANKAKEE,14595
24366,JACKSON,10597
24366,WILLIAMSON,9440
24366,WHITESIDE,9371
24366,KNOX,8292
24366,VERMILION,7573
24366,GRUNDY,7319
24366,HENRY,6997
24366,BOONE,6970
24366,MACOUPIN,6469
24366,OGLE,6384
24366,ADAMS,6176
24366,COLES,5964
24366,STEPHENSON,5760
24366,FULTON,5650
24366,MONROE,5291
24366,BUREAU,5290
24366,FRANKLIN,5227
24366,LEE,4995
24366,RANDOLPH,4955
24366,JEFFERSON,4408
24366,McDONOUGH,4196
24366,MARION,4194
24366,WOODFORD,4097
24366,MONTGOMERY,3940
24366,CLINTON,3874
24366,CHRISTIAN,3702
24366,JoDAVIESS,3602
24366,LIVINGSTON,3345
24366,SALINE,3332
24366,MORGAN,3207
24366,PERRY,3077
24366,UNION,2875
24366,EFFINGHAM,2840
24366,JERSEY,2569
24366,MERCER,2546
24366,LOGAN,2546
24366,BOND,2370
24366,WARREN,2268
24366,PIATT,2180
24366,CRAWFORD,2105
24366,SHELBY,1975
24366,FAYETTE,1951
24366,HANCOCK,1950
24366,IROQUOIS,1858
24366,CLARK,1823
24366,CARROLL,1804
24366,RICHLAND,1800
24366,MASON,1790
24366,EDGAR,1637
24366,MENARD,1619
24366,DeWITT,1539
24366,WASHINGTON,1536
24366,MASSAC,1527
24366,CASS,1483
24366,WHITE,1480
24366,MARSHALL,1428
24366,JOHNSON,1427
24366,DOUGLAS,1416
24366,LAWRENCE,1380
24366,PIKE,1232
24366,MOULTRIE,1181
24366,JASPER,1170
24366,ALEXANDER,1154
24366,CLAY,1104
24366,WABASH,1093
24366,PUTNAM,1088
24366,GREENE,1026
24366,WAYNE,1015
24366,PULASKI,1005
24366,SCHUYLER,973
24366,FORD,971
24366,CUMBERLAND,969
24366,HENDERSON,940
24366,HAMILTON,881
24366,CALHOUN,795
24366,GALLATIN,779
24366,STARK,586
24366,HARDIN,558
24366,EDWARDS,453
24366,POPE,433
24366,BROWN,402
24366,SCOTT,388
24367,KENDALL,32440
24367,GRUNDY,16099
24367,WILL,3024
24367,KANE,451
24368,KNOX,13538
24368,WARREN,5224
24368,MERCER,3476
24368,HENDERSON,1887
24368,FULTON,281
24368,PEORIA,26
24368,ROCK ISLAND,25
24368,HENRY,15
24368,McDONOUGH,1
24368,STARK,0
24369,KANKAKEE,29391
24369,IROQUOIS,8318
24369,LIVINGSTON,129
24369,FORD,25
24369,WILL,16
24369,GRUNDY,14
24370,LaSALLE,27517
24370,MARSHALL,2269
24370,PUTNAM,1824
24370,DeKALB,67
24370,BUREAU,13
24370,LEE,1
24371,WHITESIDE,17867
24371,OGLE,15958
24371,LEE,10150
24371,STEPHENSON,358
24371,WINNEBAGO,197
24371,ROCK ISLAND,117
24371,HENRY,42
24371,BUREAU,41
24371,DeKALB,16
24372,MACON,30552
24372,PIATT,5446
24372,SANGAMON,471
24372,DeWITT,290
24372,MOULTRIE,177
24372,CHAMPAIGN,170
24372,LOGAN,150
24372,CHRISTIAN,72
24373,TAZEWELL,41062
24373,WOODFORD,13396
24373,MASON,4074
24373,MARSHALL,1066
24373,McLEAN,660
24373,LaSALLE,239
24373,LOGAN,88
24373,LIVINGSTON,15
24374,SANGAMON,65690
24374,MENARD,4433
24374,CHRISTIAN,91
24374,CASS,28
24374,MONTGOMERY,21
24374,MORGAN,19
24374,LOGAN,19
24375,MONROE,13152
24375,RANDOLPH,9488
24375,ST. CLAIR,396
24375,PERRY,51
24376,COOK,272489
24376,DuPAGE,115904
24376,WILL,81566
24376,LAKE,74256
24376,KANE,58153
24376,MADISON,44558
24376,McHENRY,42234
24376,ST. CLAIR,36587
24376,WINNEBAGO,36509
24376,SANGAMON,30474
24376,McLEAN,26680
24376,TAZEWELL,22684
24376,CHAMPAIGN,22397
24376,PEORIA,21317
24376,ROCK ISLAND,17528
24376,KENDALL,16387
24376,MACON,15105
24376,KANKAKEE,15038
24376,LaSALLE,14965
24376,WILLIAMSON,13034
24376,ADAMS,13024
24376,DeKALB,12271
24376,VERMILION,10477
24376,OGLE,9368
24376,WOODFORD,9046
24376,GRUNDY,8775
24376,HENRY,8646
24376,EFFINGHAM,8593
24376,WHITESIDE,8228
24376,MONROE,8168
24376,BOONE,7932
24376,COLES,7889
24376,MACOUPIN,7807
24376,FRANKLIN,7491
24376,CLINTON,7437
24376,STEPHENSON,7356
24376,JACKSON,6999
24376,JEFFERSON,6972
24376,MARION,6738
24376,KNOX,6276
24376,LIVINGSTON,6271
24376,IROQUOIS,6219
24376,LEE,5386
24376,CHRISTIAN,5349
24376,RANDOLPH,5195
24376,BUREAU,5177
24376,MORGAN,5108
24376,LOGAN,4909
24376,SHELBY,4793
24376,SALINE,4470
24376,MONTGOMERY,4468
24376,FAYETTE,4378
24376,JERSEY,4323
24376,FULTON,4201
24376,McDONOUGH,4186
24376,WAYNE,4034
24376,JoDAVIESS,3859
24376,PERRY,3819
24376,CRAWFORD,3647
24376,HANCOCK,3635
24376,PIATT,3586
24376,UNION,3519
24376,WASHINGTON,3490
24376,DOUGLAS,3435
24376,PIKE,3336
24376,RICHLAND,3325
24376,CLARK,3303
24376,DeWITT,3291
24376,WHITE,3217
24376,MASSAC,3173
24376,EDGAR,3130
24376,BOND,2977
24376,MERCER,2943
24376,CLAY,2942
24376,JOHNSON,2937
24376,FORD,2889
24376,CARROLL,2765
24376,WARREN,2710
24376,MOULTRIE,2681
24376,LAWRENCE,2523
24376,CUMBERLAND,2514
24376,MENARD,2487
24376,WABASH,2378
24376,JASPER,2364
24376,MARSHALL,2295
24376,GREENE,2106
24376,MASON,1868
24376,HAMILTON,1768
24376,CASS,1631
24376,EDWARDS,1579
24376,SCHUYLER,1390
24376,HENDERSON,1211
24376,POPE,1067
24376,SCOTT,1041
24376,PULASKI,1018
24376,BROWN,992
24376,STARK,971
24376,PUTNAM,960
24376,GALLATIN,906
24376,CALHOUN,892
24376,ALEXANDER,876
24376,HARDIN,808
24377,COOK,1448980
24377,DuPAGE,240735
24377,LAKE,170421
24377,WILL,160415
24377,KANE,107750
24377,McHENRY,71338
24377,ST. CLAIR,59579
24377,WINNEBAGO,56707
24377,MADISON,56326
24377,CHAMPAIGN,54382
24377,SANGAMON,52849
24377,PEORIA,42049
24377,McLEAN,38727
24377,ROCK ISLAND,32154
24377,TAZEWELL,27588
24377,KENDALL,27526
24377,LaSALLE,24353
24377,MACON,23327
24377,DeKALB,22881
24377,KANKAKEE,20684
24377,WILLIAMSON,13778
24377,JACKSON,12757
24377,WHITESIDE,12673
24377,VERMILION,12260
24377,KNOX,11365
24377,ADAMS,10930
24377,HENRY,10451
24377,GRUNDY,10132
24377,MACOUPIN,9824
24377,BOONE,9558
24377,OGLE,9303
24377,COLES,8867
24377,STEPHENSON,8716
24377,BUREAU,8154
24377,FULTON,8021
24377,FRANKLIN,7471
24377,CHRISTIAN,7154
24377,MONROE,7098
24377,LEE,6839
24377,WOODFORD,6804
24377,RANDOLPH,6801
24377,JEFFERSON,6754
24377,MONTGOMERY,6751
24377,MORGAN,6337
24377,CLINTON,6278
24377,McDONOUGH,5770
24377,MARION,5642
24377,LIVINGSTON,5596
24377,EFFINGHAM,5540
24377,JoDAVIESS,5242
24377,LOGAN,4898
24377,SALINE,4775
24377,PERRY,4523
24377,SHELBY,4274
24377,JERSEY,4150
24377,MERCER,3927
24377,IROQUOIS,3856
24377,UNION,3845
24377,PIATT,3842
24377,BOND,3405
24377,FAYETTE,3334
24377,HANCOCK,3290
24377,WARREN,3275
24377,MASON,3217
24377,CRAWFORD,3107
24377,CARROLL,3072
24377,PIKE,3029
24377,EDGAR,2868
24377,DOUGLAS,2853
24377,CASS,2811
24377,MENARD,2777
24377,DeWITT,2733
24377,CLARK,2716
24377,RICHLAND,2599
24377,WHITE,2531
24377,MOULTRIE,2372
24377,WASHINGTON,2370
24377,MARSHALL,2313
24377,JOHNSON,2167
24377,GREENE,2145
24377,MASSAC,2099
24377,FORD,2000
24377,JASPER,1999
24377,WAYNE,1834
24377,CLAY,1804
24377,LAWRENCE,1759
24377,CUMBERLAND,1752
24377,HAMILTON,1680
24377,SCHUYLER,1626
24377,WABASH,1564
24377,PUTNAM,1561
24377,HENDERSON,1422
24377,PULASKI,1389
24377,CALHOUN,1355
24377,ALEXANDER,1318
24377,GALLATIN,1172
24377,STARK,1021
24377,SCOTT,959
24377,BROWN,865
24377,HARDIN,852
24377,EDWARDS,798
24377,POPE,667
24378,COOK,390789
24378,DuPAGE,163146
24378,WILL,109351
24378,LAKE,105304
24378,KANE,77165
24378,McHENRY,59065
24378,MADISON,51610
24378,WINNEBAGO,44388
24378,ST. CLAIR,42312
24378,SANGAMON,38052
24378,McLEAN,32341
24378,TAZEWELL,28675
24378,PEORIA,27916
24378,CHAMPAIGN,23340
24378,KENDALL,21367
24378,ROCK ISLAND,21126
24378,LaSALLE,19804
24378,MACON,19287
24378,KANKAKEE,18707
24378,WILLIAMSON,16390
24378,DeKALB,16169
24378,ADAMS,15635
24378,OGLE,11339
24378,HENRY,10858
24378,WOODFORD,10653
24378,VERMILION,10602
24378,WHITESIDE,10460
24378,GRUNDY,10441
24378,EFFINGHAM,10250
24378,MONROE,9739
24378,MACOUPIN,9730
24378,BOONE,9674
24378,COLES,9451
24378,CLINTON,9285
24378,STEPHENSON,9119
24378,FRANKLIN,9115
24378,JEFFERSON,8699
24378,JACKSON,8620
24378,KNOX,8313
24378,MARION,7989
24378,LIVINGSTON,7854
24378,BUREAU,7201
24378,IROQUOIS,7011
24378,CHRISTIAN,6941
24378,LEE,6766
24378,RANDOLPH,6742
24378,MORGAN,6565
24378,LOGAN,6281
24378,MONTGOMERY,5957
24378,SHELBY,5812
24378,SALINE,5670
24378,FULTON,5610
24378,JERSEY,5400
24378,FAYETTE,5369
24378,McDONOUGH,5303
24378,JoDAVIESS,4989
24378,PERRY,4945
24378,WAYNE,4737
24378,HANCOCK,4551
24378,CRAWFORD,4533
24378,UNION,4365
24378,PIKE,4208
24378,WASHINGTON,4158
24378,CLARK,4092
24378,RICHLAND,4044
24378,PIATT,4036
24378,WHITE,3985
24378,EDGAR,3855
24378,DeWITT,3797
24378,BOND,3746
24378,MERCER,3723
24378,DOUGLAS,3720
24378,MASSAC,3661
24378,CARROLL,3652
24378,JOHNSON,3621
24378,CLAY,3545
24378,WARREN,3403
24378,FORD,3121
24378,MENARD,3077
24378,MOULTRIE,3028
24378,CUMBERLAND,2976
24378,JASPER,2928
24378,LAWRENCE,2887
24378,MARSHALL,2878
24378,WABASH,2847
24378,GREENE,2718
24378,MASON,2576
24378,CASS,2324
24378,HAMILTON,2255
24378,EDWARDS,1900
24378,SCHUYLER,1773
24378,HENDERSON,1465
24378,SCOTT,1331
24378,PULASKI,1312
24378,STARK,1266
24378,BROWN,1264
24378,POPE,1240
24378,PUTNAM,1208
24378,CALHOUN,1200
24378,GALLATIN,1126
24378,HARDIN,1064
24378,ALEXANDER,1009
24379,COOK,1287585
24379,DuPAGE,185680
24379,LAKE,135585
24379,WILL,126423
24379,KANE,85336
24379,CHAMPAIGN,52497
24379,McHENRY,51424
24379,ST. CLAIR,51405
24379,WINNEBAGO,46243
24379,MADISON,45616
24379,SANGAMON,44502
24379,PEORIA,34257
24379,McLEAN,31824
24379,ROCK ISLAND,27554
24379,KENDALL,21372
24379,TAZEWELL,20099
24379,MACON,18216
24379,LaSALLE,18016
24379,DeKALB,17454
24379,KANKAKEE,15674
24379,VERMILION,12050
24379,JACKSON,10636
24379,WHITESIDE,9799
24379,WILLIAMSON,9571
24379,KNOX,8834
24379,ADAMS,7848
24379,HENRY,7673
24379,GRUNDY,7574
24379,BOONE,7436
24379,MACOUPIN,7363
24379,OGLE,6875
24379,COLES,6829
24379,STEPHENSON,6419
24379,FULTON,6232
24379,BUREAU,5612
24379,FRANKLIN,5392
24379,CHRISTIAN,5193
24379,MONROE,5189
24379,LEE,5136
24379,WOODFORD,4883
24379,MONTGOMERY,4716
24379,RANDOLPH,4684
24379,MORGAN,4592
24379,JEFFERSON,4587
24379,McDONOUGH,4338
24379,MARION,4132
24379,CLINTON,4004
24379,JoDAVIESS,3862
24379,LIVINGSTON,3700
24379,EFFINGHAM,3526
24379,PIATT,3336
24379,LOGAN,3281
24379,PERRY,3064
24379,SALINE,3055
24379,SHELBY,2986
24379,IROQUOIS,2920
24379,MERCER,2835
24379,JERSEY,2736
24379,UNION,2724
24379,DOUGLAS,2473
24379,WARREN,2433
24379,BOND,2339
24379,MASON,2278
24379,HANCOCK,2201
24379,MENARD,2122
24379,DeWITT,2086
24379,FAYETTE,2075
24379,CRAWFORD,2057
24379,CARROLL,2036
24379,EDGAR,1951
24379,CASS,1911
24379,MOULTRIE,1886
24379,PIKE,1793
24379,CLARK,1760
24379,FORD,1708
24379,RICHLAND,1662
24379,MARSHALL,1622
24379,WHITE,1555
24379,WASHINGTON,1479
24379,MASSAC,1444
24379,JOHNSON,1304
24379,LAWRENCE,1302
24379,GREENE,1295
24379,JASPER,1214
24379,CUMBERLAND,1170
24379,PUTNAM,1147
24379,ALEXANDER,1127
24379,SCHUYLER,1112
24379,CLAY,1100
24379,HENDERSON,1057
24379,WABASH,1029
24379,HAMILTON,1006
24379,PULASKI,993
24379,WAYNE,975
24379,CALHOUN,856
24379,GALLATIN,791
24379,STARK,668
24379,SCOTT,595
24379,BROWN,513
24379,HARDIN,487
24379,POPE,420
24379,EDWARDS,400
24380,COOK,51282
24381,COOK,63756
24382,WILLIAMSON,16796
24382,FRANKLIN,9213
24382,SALINE,6865
24382,MASSAC,3566
24382,JOHNSON,2861
24382,HAMILTON,2286
24382,UNION,1619
24382,PULASKI,1324
24382,GALLATIN,1317
24382,POPE,1290
24382,HARDIN,1195
24382,ALEXANDER,1085
24382,JACKSON,1058
24383,COOK,65275
24384,COOK,55151
24385,LAKE,32022
24385,McHENRY,13479
24385,COOK,4282
24385,KANE,1971
24386,LAKE,25459
24386,McHENRY,12468
24386,COOK,3047
24386,KANE,1950
24387,McLEAN,31689
24387,LIVINGSTON,10239
24387,IROQUOIS,9374
24387,WOODFORD,6979
24387,FORD,4443
24387,VERMILION,3868
24388,McHENRY,32209
24388,LAKE,11193
24389,McHENRY,26529
24389,LAKE,9407
24390,SANGAMON,40216
24390,MORGAN,9719
24390,JERSEY,6201
24390,PIKE,5405
24390,GREENE,3502
24390,MACOUPIN,2009
24390,MADISON,1996
24390,SCOTT,1700
24390,CALHOUN,1681
24391,WINNEBAGO,20566
24391,DeKALB,20112
24391,BOONE,14513
24391,KANE,7231
24392,TAZEWELL,26293
24392,SANGAMON,15888
24392,McLEAN,15207
24392,LOGAN,8582
24392,MENARD,4494
24393,MORGAN,10077
24393,JERSEY,6305
24393,PIKE,5589
24393,GREENE,3634
24393,MACOUPIN,2011
24393,MADISON,1960
24393,SCOTT,1777
24393,CALHOUN,1770
24393,SANGAMON,148
24394,MACON,14544
24394,CHAMPAIGN,5704
24394,PIATT,5034
24394,DeWITT,4426
24394,McLEAN,3335
24395,MACON,6049
24395,CHAMPAIGN,2638
24395,PIATT,2525
24395,DeWITT,1724
24395,McLEAN,1443
24396,CHAMPAIGN,10909
24396,SHELBY,7966
24396,DOUGLAS,5561
24396,EDGAR,4788
24396,MOULTRIE,4345
24396,MACON,925
24396,VERMILION,712
24397,CHAMPAIGN,30802
24398,VERMILION,11117
24398,CHAMPAIGN,9231
24399,CHAMPAIGN,9071
24399,VERMILION,6970
24400,McLEAN,24791
24400,LIVINGSTON,1695
24401,McLEAN,16985
24401,LIVINGSTON,364
24402,IROQUOIS,9359
24402,LIVINGSTON,8314
24402,WOODFORD,6920
24402,FORD,4463
24402,VERMILION,3896
24403,MARION,8362
24403,EFFINGHAM,7866
24403,FAYETTE,6032
24403,BOND,3989
24403,CLINTON,863
24404,MARION,4155
24404,EFFINGHAM,3043
24404,BOND,2402
24404,FAYETTE,1825
24404,CLINTON,354
24405,MADISON,16473
24405,CLINTON,11456
24405,ST. CLAIR,6940
24405,WASHINGTON,4118
24406,WAYNE,4979
24406,RICHLAND,4283
24406,WHITE,4084
24406,CLAY,3811
24406,JASPER,3175
24406,WABASH,2903
24406,EFFINGHAM,2874
24406,EDWARDS,2019
24406,LAWRENCE,1920
24407,WHITE,1715
24407,RICHLAND,1709
24407,JASPER,1186
24407,WABASH,1082
24407,CLAY,1034
24407,WAYNE,969
24407,LAWRENCE,685
24407,EFFINGHAM,620
24407,EDWARDS,417
24409,MADISON,40870
24409,ST. CLAIR,4429
24409,JERSEY,428
24410,LAKE,63364
24410,COOK,18760
24411,LAKE,119048
24411,COOK,37492
24412,COOK,31649
24413,COLES,10335
24413,CRAWFORD,4652
24413,CLARK,4379
24413,CUMBERLAND,3134
24413,LAWRENCE,1043
24413,EDGAR,412
24414,COLES,6707
24414,CRAWFORD,2233
24414,CLARK,1757
24414,CUMBERLAND,1192
24414,LAWRENCE,691
24414,EDGAR,111
24415,MADISON,18271
24415,JERSEY,468
24416,MADISON,18709
24416,JERSEY,386
24417,MADISON,16649
24417,ST. CLAIR,3590
24418,MADISON,20643
24418,ST. CLAIR,4164
24419,ST. CLAIR,13257
24419,MADISON,861
24420,ST. CLAIR,21291
24420,MADISON,2628
24421,ST. CLAIR,15373
24422,ST. CLAIR,21530
24423,JEFFERSON,9158
24423,JACKSON,8913
24423,PERRY,2797
24423,UNION,2622
24423,WASHINGTON,1022
24424,JACKSON,8003
24424,JEFFERSON,4781
24424,UNION,2200
24424,PERRY,1611
24424,WASHINGTON,455
24425,MONROE,7935
24425,RANDOLPH,5299
24425,ST. CLAIR,4350
24425,PERRY,1896
24426,MONROE,7614
24426,RANDOLPH,6961
24426,ST. CLAIR,5685
24426,PERRY,2169
24427,WILLIAMSON,15300
24427,FRANKLIN,8979
24427,HAMILTON,767
24428,WILLIAMSON,12150
24428,FRANKLIN,6447
24428,HAMILTON,410
24429,SALINE,4866
24429,MASSAC,4089
24429,JOHNSON,3616
24429,HAMILTON,1641
24429,UNION,1612
24429,PULASKI,1268
24429,POPE,1209
24429,JACKSON,957
24429,ALEXANDER,938
24429,GALLATIN,905
24429,HARDIN,855
24430,SALINE,4708
24430,JACKSON,2331
24430,JOHNSON,1610
24430,MASSAC,1342
24430,ALEXANDER,1289
24430,GALLATIN,1257
24430,PULASKI,1156
24430,UNION,1063
24430,HARDIN,863
24430,HAMILTON,749
24430,POPE,565
24431,DuPAGE,31180
24431,COOK,1402
24432,DuPAGE,38122
24432,COOK,1482
24433,WILL,36651
24433,DuPAGE,32078
24433,KANE,7765
24433,KENDALL,4746
24433,COOK,1118
24434,WILL,66235
24434,DuPAGE,50882
24434,KANE,19333
24434,KENDALL,8033
24434,COOK,924
24435,COOK,42291
24436,LAKE,16539
24436,COOK,13252
24437,LAKE,28340
24437,COOK,22822
24438,ADAMS,22094
24438,McDONOUGH,8021
24438,HANCOCK,5958
24438,WARREN,4955
24438,MASON,4158
24438,CASS,3872
24438,KNOX,3745
24438,SCHUYLER,2595
24438,FULTON,2331
24438,HENDERSON,2079
24438,BROWN,1713
24439,LaSALLE,20657
24439,GRUNDY,10533
24439,KENDALL,7421
24439,WILL,5226
24439,BUREAU,2261
24439,PUTNAM,1494
24439,LIVINGSTON,385
24440,LaSALLE,15156
24440,KENDALL,5839
24440,GRUNDY,5535
24440,WILL,2707
24440,BUREAU,2308
24440,PUTNAM,1059
24440,LIVINGSTON,195
24441,ST. CLAIR,41387
24441,WILLIAMSON,17728
24441,MADISON,16081
24441,FRANKLIN,9958
24441,JACKSON,9879
24441,MONROE,9735
24441,JEFFERSON,9088
24441,RANDOLPH,7672
24441,PERRY,5833
24441,UNION,4997
24441,PULASKI,1442
24441,ALEXANDER,1084
24442,ST. CLAIR,54108
24442,MADISON,18789
24442,JACKSON,10148
24442,WILLIAMSON,8996
24442,MONROE,5593
24442,FRANKLIN,5131
24442,JEFFERSON,4554
24442,RANDOLPH,4317
24442,PERRY,2634
24442,UNION,2417
24442,ALEXANDER,1099
24442,PULASKI,938
24443,ST. CLAIR,3355
24443,MADISON,1561
24443,WILLIAMSON,705
24443,JACKSON,551
24443,FRANKLIN,366
24443,JEFFERSON,360
24443,MONROE,324
24443,RANDOLPH,283
24443,UNION,201
24443,PERRY,144
24443,ALEXANDER,51
24443,PULASKI,34
24444,COOK,46346
24445,COOK,38061
24446,MADISON,23149
24446,MACON,22945
24446,CHAMPAIGN,18158
24446,SANGAMON,16337
24446,MACOUPIN,10969
24446,CHRISTIAN,9452
24446,MONTGOMERY,7438
24446,McLEAN,7165
24446,JERSEY,5917
24446,PIATT,4985
24446,DeWITT,4377
24446,GREENE,2985
24446,CALHOUN,1447
24446,BOND,1192
24447,CHAMPAIGN,41039
24447,MADISON,20760
24447,SANGAMON,19991
24447,MACON,16242
24447,McLEAN,11912
24447,MACOUPIN,7031
24447,MONTGOMERY,3961
24447,CHRISTIAN,3467
24447,JERSEY,2786
24447,PIATT,2631
24447,DeWITT,1816
24447,GREENE,1335
24447,CALHOUN,811
24447,BOND,676
24448,COOK,39456
24449,DuPAGE,30979
24449,COOK,11397
24449,WILL,7316
24450,DuPAGE,33726
24450,COOK,9204
24450,WILL,5116
24451,COOK,1328540
24452,COOK,1293252
24453,COOK,1303710
24454,COOK,1314191
24455,McHENRY,40481
24455,KANE,38797
24455,LAKE,19145
24455,WILL,17456
24455,KENDALL,15615
24455,DeKALB,7215
24455,DuPAGE,2455
24456,KANE,41777
24456,McHENRY,41016
24456,WILL,23267
24456,LAKE,21649
24456,KENDALL,16451
24456,DeKALB,7699
24456,DuPAGE,4176
24457,COOK,37446
24458,COOK,1292329
24459,MADISON,15590
24459,VERMILION,14675
24459,CHAMPAIGN,13357
24459,EFFINGHAM,11143
24459,COLES,10464
24459,CLINTON,10403
24459,MARION,8732
24459,SHELBY,6837
24459,SALINE,6676
24459,FAYETTE,5950
24459,WAYNE,4908
24459,CRAWFORD,4770
24459,DOUGLAS,4738
24459,WASHINGTON,4634
24459,RICHLAND,4438
24459,WHITE,4410
24459,EDGAR,4270
24459,CLARK,4267
24459,JOHNSON,3948
24459,MASSAC,3937
24459,CLAY,3803
24459,MOULTRIE,3487
24459,JASPER,3311
24459,CUMBERLAND,3252
24459,BOND,3106
24459,LAWRENCE,3007
24459,WABASH,2943
24459,HAMILTON,2579
24459,EDWARDS,1999
24459,FORD,1676
24459,POPE,1373
24459,GALLATIN,1360
24459,HARDIN,1251
24460,VERMILION,8446
24460,MADISON,8018
24460,COLES,6520
24460,CHAMPAIGN,6156
24460,MARION,3917
24460,CLINTON,3678
24460,EFFINGHAM,3162
24460,SALINE,2711
24460,SHELBY,2344
24460,CRAWFORD,2094
24460,FAYETTE,1897
24460,CLARK,1821
24460,EDGAR,1734
24460,MOULTRIE,1640
24460,DOUGLAS,1627
24460,RICHLAND,1597
24460,BOND,1579
24460,WHITE,1445
24460,MASSAC,1443
24460,WASHINGTON,1399
24460,LAWRENCE,1291
24460,JOHNSON,1223
24460,JASPER,1099
24460,CUMBERLAND,1058
24460,WAYNE,1048
24460,WABASH,1040
24460,CLAY,1036
24460,HAMILTON,862
24460,GALLATIN,714
24460,FORD,464
24460,HARDIN,431
24460,EDWARDS,419
24460,POPE,396
24461,COOK,13714
24462,COOK,21908
24463,COOK,53527
24463,WILL,5805
24464,COOK,1251054
24465,COOK,1232242
24466,WINNEBAGO,40072
24466,LaSALLE,22725
24466,GRUNDY,12406
24466,OGLE,12147
24466,BOONE,10530
24466,DeKALB,9306
24466,LIVINGSTON,8818
24466,BUREAU,8408
24466,IROQUOIS,8401
24466,LEE,7397
24466,WILL,6996
24466,FORD,2240
24466,PUTNAM,1487
24466,STARK,321
24467,WINNEBAGO,32797
24467,LaSALLE,17241
24467,DeKALB,12040
24467,BOONE,7465
24467,OGLE,6980
24467,GRUNDY,6904
24467,BUREAU,5234
24467,LEE,5210
24467,WILL,3726
24467,LIVINGSTON,3286
24467,IROQUOIS,1875
24467,PUTNAM,1094
24467,FORD,587
24467,STARK,130
24468,COOK,24605
24469,ROCK ISLAND,17992
24469,HENRY,9034
24469,WHITESIDE,8160
24469,STEPHENSON,7696
24469,WINNEBAGO,6864
24469,KNOX,6671
24469,TAZEWELL,6114
24469,PEORIA,5854
24469,FULTON,4719
24469,JoDAVIESS,4124
24469,MERCER,3037
24469,CARROLL,2798
24469,WARREN,2749
24469,HENDERSON,1278
24470,ROCK ISLAND,32765
24470,PEORIA,17304
24470,WINNEBAGO,15913
24470,WHITESIDE,13246
24470,KNOX,11203
24470,HENRY,10408
24470,STEPHENSON,8658
24470,TAZEWELL,8306
24470,FULTON,7870
24470,JoDAVIESS,5111
24470,MERCER,3967
24470,WARREN,3353
24470,CARROLL,3169
24470,HENDERSON,1386
24471,COOK,15281
24472,COOK,34328
24473,COOK,1245917
24474,SANGAMON,32868
24474,McLEAN,29003
24474,TAZEWELL,25742
24474,PEORIA,25235
24474,ADAMS,18421
24474,WOODFORD,11656
24474,MORGAN,8351
24474,LOGAN,7574
24474,McDONOUGH,6171
24474,HANCOCK,5062
24474,PIKE,5050
24474,MENARD,4033
24474,MASON,3602
24474,MARSHALL,3375
24474,CASS,3195
24474,SCHUYLER,2242
24474,SCOTT,1630
24474,BROWN,1541
24474,STARK,1176
24475,McLEAN,19320
24475,PEORIA,16622
24475,SANGAMON,16542
24475,TAZEWELL,11678
24475,ADAMS,5972
24475,WOODFORD,4576
24475,McDONOUGH,4002
24475,MORGAN,3342
24475,LOGAN,2443
24475,HANCOCK,1928
24475,MASON,1633
24475,PIKE,1392
24475,MARSHALL,1348
24475,MENARD,1323
24475,CASS,1314
24475,SCHUYLER,862
24475,STARK,429
24475,SCOTT,410
24475,BROWN,350
24476,COOK,14697
24477,COOK,37966
24478,COOK,64048
24479,COOK,76012
24480,COOK,13852
24481,COOK,21389
24482,COOK,77558
24483,COOK,77626
24484,COOK,78491
24485,COOK,28790
24485,WILL,22170
24486,COOK,174310
24486,WILL,15250
24487,COOK,16913
24488,COOK,27053
24491,DuPAGE,41585
24491,WILL,7164
24492,DuPAGE,42223
24492,WILL,7705
24493,COOK,77134
24494,COOK,21619
24495,COOK,19161
24496,COOK,19329
24497,DuPAGE,48340
24497,COOK,1719
24498,DuPAGE,49872
24498,COOK,1823
24499,COOK,32796
24500,COOK,35992
24501,COOK,33526
24502,COOK,43375
24503,COOK,46981
24504,COOK,28841
24505,COOK,27310
24505,WILL,5799
24506,COOK,62772
24507,COOK,61033
24508,COOK,62010
24509,KANKAKEE,20032
24509,COOK,16653
24509,WILL,7882
24510,COOK,163247
24510,KANKAKEE,16363
24510,WILL,11074
24511,COOK,20455
24512,COOK,25787
24513,LAKE,16961
24513,COOK,1302
24514,LAKE,36428
24514,COOK,2432
24515,COOK,30214
24516,COOK,22901
24517,COOK,32916
24519,KANE,29245
24519,McHENRY,15720
24521,COOK,13821
24522,COOK,30511
24523,COOK,30339
24524,ROCK ISLAND,24441
24524,WHITESIDE,11360
24524,HENRY,1824
24524,CARROLL,1103
24525,ROCK ISLAND,26296
24525,WHITESIDE,9064
24525,HENRY,1335
24525,CARROLL,752
24526,WILL,20891
24526,COOK,6257
24527,WILL,14573
24527,COOK,5102
24528,COOK,33115
24528,WILL,2717
24529,COOK,26106
24530,COOK,46467
24530,DuPAGE,7682
24531,COOK,84407
24532,COOK,46001
24532,WILL,11701
24532,DuPAGE,183
24533,COOK,144122
24533,WILL,18581
24533,DuPAGE,350
24534,COOK,19782
24535,COOK,62764
24536,COOK,27755
24537,DuPAGE,16961
24537,WILL,7837
24538,DuPAGE,15880
24538,WILL,7010
24539,DuPAGE,26381
24540,DuPAGE,24122
24541,KANE,19307
24541,DuPAGE,11118
24541,WILL,6594
24541,KENDALL,4768
24542,KANE,4473
24542,COOK,1617
24543,KANE,11078
24543,COOK,3553
24544,COOK,9459
24545,COOK,18028
24546,DuPAGE,18386
24546,COOK,1325
24548,OGLE,12091
24548,STEPHENSON,10715
24548,LEE,6523
24548,JoDAVIESS,5545
24548,DeKALB,4658
24548,WINNEBAGO,4540
24548,CARROLL,2908
24548,LaSALLE,2317
24548,WHITESIDE,639
24549,OGLE,6882
24549,STEPHENSON,5694
24549,LEE,4773
24549,DeKALB,3845
24549,JoDAVIESS,3697
24549,WINNEBAGO,2117
24549,LaSALLE,1314
24549,CARROLL,1156
24549,WHITESIDE,303
24550,DuPAGE,13155
24551,DuPAGE,18679
24552,DuPAGE,24703
24552,COOK,1812
24553,DuPAGE,23254
24553,COOK,1684
24554,DuPAGE,23313
24555,DuPAGE,26820
24556,CHRISTIAN,6892
24556,MACOUPIN,6797
24556,MACON,6269
24556,MONTGOMERY,5621
24556,SANGAMON,4433
24556,MADISON,2009
24557,MACON,11250
24557,MACOUPIN,9007
24557,SANGAMON,8248
24557,CHRISTIAN,5957
24557,MONTGOMERY,5854
24557,MADISON,1752
24558,KANE,12633
24558,DuPAGE,5406
24558,COOK,958
24559,KANE,13497
24559,DuPAGE,7291
24559,COOK,1345
24560,COOK,83544
24561,COOK,83570
24562,COOK,134378
24563,COOK,133820
24564,COOK,22294
24565,COOK,143895
24566,COOK,31797
24567,KANE,17308
24567,KENDALL,8554
24568,KANE,13291
24568,KENDALL,7879
24570,MACON,18383
24570,CHAMPAIGN,18362
24570,SHELBY,8122
24570,PIATT,6738
24570,DOUGLAS,5831
24570,DeWITT,5464
24570,EDGAR,4935
24570,MOULTRIE,4486
24570,McLEAN,4202
24570,VERMILION,729
24571,McHENRY,17485
24571,COOK,5259
24571,LAKE,4831
24571,KANE,2824
24572,COOK,21580
24573,COOK,23792
24574,COOK,22490
24575,COOK,22447
24576,MADISON,13183
24576,CLINTON,10262
24576,MARION,8660
24576,EFFINGHAM,8557
24576,ST. CLAIR,5659
24576,FAYETTE,5444
24576,BOND,4228
24576,WASHINGTON,3483
24577,COOK,16308
24578,COOK,20449
24579,COOK,12423
24579,DuPAGE,2500
24580,COOK,17478
24580,DuPAGE,3874
24582,COOK,23043
24582,LAKE,1403
24583,ST. CLAIR,29535
24583,MADISON,961
24584,ST. CLAIR,41728
24584,MADISON,2526
24586,LAKE,26954
24586,COOK,3020
24587,COOK,1106592
24588,COOK,258253
24589,COOK,1067004
24590,COOK,248831
24591,DuPAGE,239029
24591,LAKE,165318
24591,KANE,113734
24591,McHENRY,82055
24591,WINNEBAGO,67882
24591,KENDALL,30484
24591,DeKALB,24635
24591,OGLE,14258
24591,BOONE,13060
24591,STEPHENSON,11913
24591,LEE,9356
24591,JoDAVIESS,6400
24591,CARROLL,4569
24592,DuPAGE,69038
24592,LAKE,42262
24592,KANE,32577
24592,McHENRY,21340
24592,WINNEBAGO,14034
24592,KENDALL,7698
24592,DeKALB,6538
24592,BOONE,2714
24592,OGLE,2148
24592,STEPHENSON,1715
24592,LEE,1669
24592,JoDAVIESS,1352
24592,CARROLL,746
24593,WILLIAMSON,18857
24593,JACKSON,13463
24593,SALINE,5738
24593,UNION,5283
24593,JOHNSON,3365
24593,MASSAC,3239
24593,PULASKI,1595
24593,ALEXANDER,1271
24593,POPE,1017
24594,WILLIAMSON,4924
24594,JACKSON,4022
24594,SALINE,2072
24594,UNION,1284
24594,MASSAC,1062
24594,JOHNSON,1014
24594,PULASKI,475
24594,POPE,443
24594,ALEXANDER,435
24595,WILLIAMSON,17349
24595,JACKSON,12855
24595,UNION,6011
24595,SALINE,5620
24595,JOHNSON,3345
24595,MASSAC,3281
24595,PULASKI,1662
24595,ALEXANDER,1300
24595,POPE,1027
24596,WILLIAMSON,5647
24596,JACKSON,4465
24596,SALINE,2119
24596,UNION,1122
24596,MASSAC,1071
24596,JOHNSON,1038
24596,PULASKI,441
24596,POPE,434
24596,ALEXANDER,432
24597,FRANKLIN,10950
24597,JEFFERSON,8491
24597,CRAWFORD,4769
24597,RICHLAND,3840
24597,WHITE,3828
24597,WAYNE,3459
24597,LAWRENCE,2550
24597,WABASH,2499
24597,HAMILTON,1616
24597,EDWARDS,1394
24597,GALLATIN,1102
24597,HARDIN,995
24598,JEFFERSON,2506
24598,FRANKLIN,2467
24598,CRAWFORD,1341
24598,WAYNE,1198
24598,WHITE,1182
24598,RICHLAND,1115
24598,HAMILTON,933
24598,LAWRENCE,917
24598,WABASH,789
24598,EDWARDS,506
24598,GALLATIN,432
24598,HARDIN,295
24599,FRANKLIN,10632
24599,JEFFERSON,8702
24599,CRAWFORD,4886
24599,RICHLAND,3947
24599,WHITE,3854
24599,WAYNE,3596
24599,LAWRENCE,2619
24599,WABASH,2573
24599,HAMILTON,1701
24599,EDWARDS,1442
24599,GALLATIN,1190
24599,HARDIN,1047
24600,FRANKLIN,2686
24600,JEFFERSON,2467
24600,CRAWFORD,1277
24600,WHITE,1261
24600,WAYNE,1228
24600,RICHLAND,1103
24600,HAMILTON,920
24600,LAWRENCE,890
24600,WABASH,779
24600,EDWARDS,490
24600,GALLATIN,384
24600,HARDIN,277
24601,FRANKLIN,10523
24601,JEFFERSON,8553
24601,CRAWFORD,4835
24601,WHITE,4768
24601,RICHLAND,3860
24601,WAYNE,3571
24601,LAWRENCE,2546
24601,WABASH,2519
24601,HAMILTON,1886
24601,EDWARDS,1453
24601,GALLATIN,1233
24601,HARDIN,1041
24602,FRANKLIN,2461
24602,JEFFERSON,2383
24602,CRAWFORD,1284
24602,WAYNE,1175
24602,RICHLAND,1112
24602,LAWRENCE,929
24602,WHITE,866
24602,WABASH,804
24602,HAMILTON,790
24602,EDWARDS,475
24602,GALLATIN,400
24602,HARDIN,268
24603,FRANKLIN,10278
24603,JEFFERSON,8641
24603,CRAWFORD,5498
24603,RICHLAND,4028
24603,WHITE,3965
24603,WAYNE,3528
24603,LAWRENCE,2644
24603,WABASH,2545
24603,HAMILTON,1682
24603,EDWARDS,1410
24603,GALLATIN,1138
24603,HARDIN,1033
24604,FRANKLIN,2601
24604,JEFFERSON,2368
24604,WAYNE,1192
24604,WHITE,1113
24604,CRAWFORD,1073
24604,RICHLAND,1056
24604,HAMILTON,903
24604,LAWRENCE,876
24604,WABASH,808
24604,EDWARDS,501
24604,GALLATIN,408
24604,HARDIN,276
24605,JEFFERSON,10912
24605,FRANKLIN,10498
24605,CRAWFORD,4936
24605,WHITE,4015
24605,RICHLAND,3970
24605,WAYNE,3664
24605,LAWRENCE,2587
24605,WABASH,2516
24605,HAMILTON,1817
24605,EDWARDS,1418
24605,GALLATIN,1173
24605,HARDIN,1031
24606,FRANKLIN,2569
24606,JEFFERSON,1832
24606,CRAWFORD,1283
24606,WAYNE,1165
24606,WHITE,1101
24606,RICHLAND,1069
24606,LAWRENCE,897
24606,HAMILTON,850
24606,WABASH,825
24606,EDWARDS,500
24606,GALLATIN,386
24606,HARDIN,276
24607,MADISON,69280
24607,BOND,4377
24608,MADISON,21857
24608,BOND,1341
24609,MADISON,69805
24609,BOND,4392
24610,MADISON,21336
24610,BOND,1288
24611,EFFINGHAM,9778
24611,CLINTON,9567
24611,CHRISTIAN,9407
24611,MARION,8916
24611,MONTGOMERY,7437
24611,SHELBY,6400
24611,FAYETTE,5036
24611,JASPER,3478
24611,CLAY,3050
24612,EFFINGHAM,2987
24612,CLINTON,2926
24612,MARION,2560
24612,MONTGOMERY,2382
24612,FAYETTE,1988
24612,CHRISTIAN,1929
24612,SHELBY,1725
24612,CLAY,968
24612,JASPER,753
24613,EFFINGHAM,10989
24613,CLINTON,9666
24613,CHRISTIAN,9362
24613,MARION,8952
24613,MONTGOMERY,7441
24613,SHELBY,6562
24613,FAYETTE,5339
24613,JASPER,3311
24613,CLAY,3083
24614,CLINTON,2804
24614,MARION,2459
24614,EFFINGHAM,2398
24614,MONTGOMERY,2316
24614,CHRISTIAN,1898
24614,FAYETTE,1666
24614,SHELBY,1587
24614,CLAY,927
24614,JASPER,866
24615,VERMILION,18879
24615,COLES,12460
24615,EDGAR,4422
24615,CLARK,3957
24615,CUMBERLAND,3045
24616,VERMILION,18429
24616,COLES,12556
24616,EDGAR,4413
24616,CLARK,3994
24616,CUMBERLAND,3040
24617,VERMILION,3365
24617,COLES,2342
24617,CLARK,1274
24617,EDGAR,958
24617,CUMBERLAND,812
24618,VERMILION,3638
24618,COLES,2244
24618,CLARK,1247
24618,EDGAR,946
24618,CUMBERLAND,820
24619,VERMILION,18138
24619,COLES,13125
24619,EDGAR,4405
24619,CLARK,4025
24619,CUMBERLAND,3119
24620,VERMILION,3244
24620,COLES,2145
24620,CLARK,1213
24620,EDGAR,922
24620,CUMBERLAND,760
24621,CHAMPAIGN,50260
24621,MACON,28011
24621,PIATT,5742
24621,DOUGLAS,4970
24621,DeWITT,4750
24621,MOULTRIE,3580
24622,CHAMPAIGN,12606
24622,MACON,6107
24622,PIATT,1066
24622,DeWITT,832
24622,MOULTRIE,832
24622,DOUGLAS,763
24623,CHAMPAIGN,48254
24623,MACON,28819
24623,PIATT,5716
24623,DOUGLAS,4932
24623,DeWITT,4764
24623,MOULTRIE,3600
24624,CHAMPAIGN,12862
24624,MACON,5865
24624,PIATT,1047
24624,MOULTRIE,807
24624,DeWITT,804
24624,DOUGLAS,746
24625,SANGAMON,61225
24625,MACOUPIN,11635
24625,MORGAN,8555
24625,JERSEY,4733
24625,GREENE,2755
24625,SCOTT,1384
24626,SANGAMON,11685
24626,MACOUPIN,3593
24626,JERSEY,1938
24626,MORGAN,1758
24626,GREENE,801
24626,SCOTT,289
24627,SANGAMON,58193
24627,MACOUPIN,11714
24627,MORGAN,8957
24627,JERSEY,4757
24627,GREENE,3052
24627,SCOTT,1695
24628,SANGAMON,12422
24628,MACOUPIN,3451
24628,JERSEY,1908
24628,MORGAN,1642
24628,GREENE,710
24628,SCOTT,272
24629,SANGAMON,58293
24629,MACOUPIN,12758
24629,MORGAN,8491
24629,JERSEY,4682
24629,GREENE,2787
24629,SCOTT,1384
24630,SANGAMON,12312
24630,MACOUPIN,3369
24630,JERSEY,1967
24630,MORGAN,1752
24630,GREENE,763
24630,SCOTT,284
24631,SANGAMON,57991
24631,MACOUPIN,11641
24631,MORGAN,8417
24631,JERSEY,5716
24631,GREENE,2903
24631,SCOTT,1365
24632,SANGAMON,12784
24632,MACOUPIN,3645
24632,JERSEY,2070
24632,MORGAN,1832
24632,GREENE,827
24632,SCOTT,302
24633,ADAMS,19198
24633,PIKE,5285
24633,MENARD,4003
24633,MASON,3909
24633,CASS,3307
24633,SCHUYLER,2058
24633,BROWN,1492
24633,CALHOUN,1329
24634,ADAMS,2955
24634,PIKE,1083
24634,MASON,694
24634,CASS,664
24634,MENARD,646
24634,SCHUYLER,544
24634,CALHOUN,434
24634,BROWN,296
24635,KNOX,13408
24635,FULTON,8982
24635,McDONOUGH,7483
24635,HANCOCK,5371
24635,WARREN,4934
24635,HENDERSON,1793
24636,KNOX,2548
24636,FULTON,2070
24636,McDONOUGH,1317
24636,HANCOCK,835
24636,WARREN,660
24636,HENDERSON,429
24637,KNOX,13882
24637,FULTON,9010
24637,McDONOUGH,7421
24637,WARREN,5008
24637,HANCOCK,4830
24637,HENDERSON,1741
24638,KNOX,2653
24638,FULTON,2064
24638,McDONOUGH,1334
24638,HANCOCK,952
24638,WARREN,663
24638,HENDERSON,472
24639,KNOX,13195
24639,FULTON,9258
24639,McDONOUGH,7322
24639,HANCOCK,4844
24639,WARREN,4356
24639,HENDERSON,1775
24640,KNOX,2926
24640,FULTON,1914
24640,McDONOUGH,1453
24640,WARREN,1419
24640,HANCOCK,953
24640,HENDERSON,545
24641,PEORIA,48571
24641,TAZEWELL,39628
24641,MARSHALL,3363
24641,PUTNAM,1722
24641,STARK,1429
24642,PEORIA,8117
24642,TAZEWELL,6616
24642,MARSHALL,639
24642,PUTNAM,380
24642,STARK,314
24643,PEORIA,50041
24643,TAZEWELL,40323
24643,MARSHALL,3452
24643,PUTNAM,1766
24643,STARK,1481
24644,PEORIA,7633
24644,TAZEWELL,5930
24644,MARSHALL,574
24644,PUTNAM,311
24644,STARK,277
24645,PEORIA,44255
24645,TAZEWELL,36603
24645,MARSHALL,3329
24645,PUTNAM,1793
24645,STARK,1376
24646,PEORIA,15018
24646,TAZEWELL,10160
24646,MARSHALL,794
24646,STARK,414
24646,PUTNAM,349
24647,McLEAN,48723
24647,WOODFORD,11505
24647,LIVINGSTON,9263
24647,LOGAN,7168
24647,FORD,3815
24648,McLEAN,10782
24648,WOODFORD,2025
24648,LIVINGSTON,1494
24648,LOGAN,1201
24648,FORD,613
24649,McLEAN,49670
24649,WOODFORD,11632
24649,LIVINGSTON,9300
24649,LOGAN,7301
24649,FORD,3876
24650,McLEAN,10081
24650,WOODFORD,1883
24650,LIVINGSTON,1489
24650,LOGAN,1159
24650,FORD,568
24651,LaSALLE,30345
24651,GRUNDY,13302
24651,BUREAU,10406
24652,LaSALLE,5677
24652,GRUNDY,3225
24652,BUREAU,1921
24653,LaSALLE,27068
24653,GRUNDY,13645
24653,BUREAU,9817
24654,LaSALLE,9933
24654,GRUNDY,3191
24654,BUREAU,2863
24655,ROCK ISLAND,36267
24655,WHITESIDE,15612
24655,HENRY,14857
24655,MERCER,4499
24656,ROCK ISLAND,9827
24656,WHITESIDE,3445
24656,HENRY,2975
24656,MERCER,1728
24657,ROCK ISLAND,36080
24657,WHITESIDE,16097
24657,HENRY,14137
24657,MERCER,4386
24658,ROCK ISLAND,9535
24658,WHITESIDE,3200
24658,HENRY,2930
24658,MERCER,1714
24659,ROCK ISLAND,37627
24659,WHITESIDE,15685
24659,HENRY,14614
24659,MERCER,4453
24660,ROCK ISLAND,8694
24660,WHITESIDE,3272
24660,HENRY,2689
24660,MERCER,1675
24661,OGLE,13903
24661,STEPHENSON,13145
24661,LEE,9299
24661,JoDAVIESS,6408
24661,CARROLL,4579
24662,OGLE,2310
24662,LEE,1687
24662,STEPHENSON,1542
24662,JoDAVIESS,1358
24662,CARROLL,762
24663,OGLE,14353
24663,STEPHENSON,11973
24663,LEE,9423
24663,JoDAVIESS,6409
24663,CARROLL,4594
24664,OGLE,2254
24664,STEPHENSON,1628
24664,LEE,1592
24664,JoDAVIESS,1309
24664,CARROLL,733
24665,KANE,113486
24666,KANE,31994
24667,KANE,113587
24668,KANE,31506
24669,KANE,108595
24670,KANE,35877
24671,WINNEBAGO,67873
24671,BOONE,13122
24672,WINNEBAGO,13996
24672,BOONE,2677
24673,DuPAGE,214881
24674,DuPAGE,95286
24675,LAKE,157222
24676,LAKE,42514
24677,LAKE,158714
24678,LAKE,40435
24680,ST. CLAIR,57476
24680,MONROE,9382
24680,RANDOLPH,7268
24680,PERRY,5377
24680,WASHINGTON,3533
24681,ST. CLAIR,31496
24681,MONROE,4754
24681,RANDOLPH,3247
24681,PERRY,1897
24681,WASHINGTON,1466
24682,ST. CLAIR,59592
24682,MONROE,9913
24682,RANDOLPH,8006
24682,PERRY,5567
24682,WASHINGTON,4743
24683,ST. CLAIR,25626
24683,MONROE,3817
24683,RANDOLPH,2330
24683,PERRY,1714
24683,WASHINGTON,963
24684,ST. CLAIR,62107
24684,MONROE,9949
24684,RANDOLPH,7457
24684,PERRY,5467
24684,WASHINGTON,3752
24685,ST. CLAIR,25359
24685,MONROE,3887
24685,RANDOLPH,2792
24685,PERRY,1758
24685,WASHINGTON,1259
24686,McHENRY,79845
24687,McHENRY,24215
24688,KENDALL,32189
24688,DeKALB,25540
24689,KENDALL,6814
24689,DeKALB,5828
24690,KENDALL,29649
24690,DeKALB,25056
24691,KENDALL,8042
24691,DeKALB,6775
24692,COOK,973014
24693,COOK,296197
24694,COOK,675701
24695,COOK,619784
24696,COOK,973935
24697,COOK,337280
24699,COOK,967323
24700,COOK,1013817
24701,COOK,230475
24702,COOK,298391
24703,COOK,934324
24704,COOK,312510
24705,COOK,985988
24706,COOK,251820
24707,COOK,935456
24708,COOK,319569
24709,COOK,1016870
24710,COOK,253439
24711,COOK,976378
24712,COOK,263001
24713,COOK,894950
24714,COOK,348185
24715,COOK,928125
24716,COOK,298345
24717,COOK,971748
24718,COOK,278091
24719,COOK,1004794
24720,COOK,254489
24723,COOK,1000697
24724,COOK,261656
24725,COOK,990479
24726,COOK,258812
24727,COOK,969113
24728,COOK,273454
24729,COOK,1019943
24730,COOK,238809
24731,COOK,995850
24732,COOK,247126
24733,COOK,935992
24734,COOK,304750
24735,COOK,1005264
24736,COOK,258138
24737,COOK,978368
24738,COOK,269474
24739,COOK,960884
24740,COOK,273140
24741,COOK,995608
24742,COOK,266911
24743,COOK,924444
24744,COOK,301725
24745,COOK,923545
24746,COOK,341505
24747,COOK,958368
24748,COOK,287867
24749,COOK,953463
24750,COOK,279837
24751,COOK,938058
24752,COOK,291435
24753,COOK,864507
24754,COOK,408359
24755,COOK,1003840
24756,COOK,242150
24757,COOK,950647
24758,COOK,293135
24759,COOK,990264
24760,COOK,268596
24761,COOK,935955
24762,COOK,306546
24763,COOK,912171
24764,COOK,310952
24765,COOK,1012750
24766,COOK,242929
24767,COOK,1008976
24768,COOK,234482
24769,COOK,980445
24770,COOK,262190
24771,COOK,918295
24772,COOK,304279
24773,COOK,973706
24774,COOK,267177
24777,COOK,928822
24778,COOK,309385
24779,COOK,952797
24780,COOK,305612
24781,COOK,839383
24782,COOK,413302
24783,COOK,948840
24784,COOK,286526
24785,COOK,932177
24786,COOK,302416
24787,COOK,939779
24788,COOK,312888
24789,COOK,909099
24790,COOK,335824
24791,COOK,874824
24792,COOK,396736
24793,COOK,1004608
24794,COOK,244723
24795,COOK,978954
24796,COOK,269352
24797,COOK,991054
24798,COOK,269119
24799,COOK,900880
24800,COOK,349785
24801,COOK,953551
24802,COOK,303730
24803,COOK,949651
24804,COOK,277512
24805,COOK,981733
24806,COOK,265905
24807,COOK,911935
24808,COOK,309735
24809,COOK,971013
24810,COOK,266384
24811,COOK,809430
24812,COOK,484701
24813,COOK,958187
24814,COOK,288048
24815,LAKE,163497
24816,LAKE,39739
24817,MADISON,6818
24817,MARION,3914
24817,CLINTON,3713
24817,ST. CLAIR,3031
24817,FAYETTE,2422
24817,BOND,2326
24817,EFFINGHAM,2296
24817,WASHINGTON,990
24818,WILLIAMSON,10592
24818,FRANKLIN,6066
24818,SALINE,2687
24818,JOHNSON,2398
24818,JACKSON,2256
24818,MASSAC,1795
24818,HAMILTON,1244
24818,ALEXANDER,1140
24818,PULASKI,1091
24818,UNION,1050
24818,GALLATIN,821
24818,HARDIN,504
24818,POPE,481
24819,ADAMS,6334
24819,HANCOCK,1924
24819,WARREN,1809
24819,HENDERSON,992
24820,LAKE,25780
24820,COOK,170
24821,McHENRY,9236
24821,LAKE,9026
24823,SANGAMON,66629
24823,McLEAN,50370
24823,CHAMPAIGN,47951
24823,MACON,29434
24823,ADAMS,21277
24823,VERMILION,18904
24823,MACOUPIN,14266
24823,COLES,13320
24823,WOODFORD,13183
24823,LIVINGSTON,10377
24823,MORGAN,9787
24823,LOGAN,8246
24823,JERSEY,6604
24823,PIATT,6309
24823,DOUGLAS,5355
24823,DeWITT,5281
24823,PIKE,5208
24823,EDGAR,5060
24823,CLARK,4939
24823,MENARD,4341
24823,FORD,4268
24823,MOULTRIE,4124
24823,MASON,4038
24823,CUMBERLAND,3768
24823,CASS,3669
24823,GREENE,3387
24823,SCHUYLER,2411
24823,SCOTT,1667
24823,BROWN,1642
24823,CALHOUN,1585
24826,COOK,35279
24826,DuPAGE,7637
24826,LAKE,5775
24826,WILL,5547
24826,KANE,4835
24826,McHENRY,3315
24826,McLEAN,2737
24826,MADISON,2550
24826,WINNEBAGO,2384
24826,CHAMPAIGN,2350
24826,TAZEWELL,2247
24826,PEORIA,2225
24826,SANGAMON,2168
24826,ST. CLAIR,2024
24826,DeKALB,1397
24826,MACON,1255
24826,KENDALL,1227
24826,LaSALLE,1150
24826,ROCK ISLAND,1149
24826,KANKAKEE,1006
24826,VERMILION,878
24826,GRUNDY,687
24826,WILLIAMSON,679
24826,FRANKLIN,659
24826,ADAMS,641
24826,FULTON,601
24826,OGLE,601
24826,WOODFORD,577
24826,JACKSON,575
24826,WHITESIDE,521
24826,COLES,516
24826,HENRY,492
24826,BOONE,465
24826,JEFFERSON,426
24826,KNOX,426
24826,STEPHENSON,423
24826,RANDOLPH,394
24826,LEE,382
24826,LIVINGSTON,376
24826,EFFINGHAM,372
24826,BUREAU,365
24826,CLINTON,364
24826,CHRISTIAN,342
24826,SALINE,334
24826,McDONOUGH,331
24826,LOGAN,304
24826,MACOUPIN,296
24826,SHELBY,295
24826,IROQUOIS,276
24826,MARION,269
24826,MORGAN,266
24826,DeWITT,262
24826,MONTGOMERY,256
24826,MONROE,253
24826,MASON,246
24826,PERRY,235
24826,PIATT,231
24826,DOUGLAS,227
24826,RICHLAND,219
24826,HANCOCK,202
24826,FAYETTE,194
24826,BOND,191
24826,MERCER,188
24826,UNION,188
24826,CRAWFORD,187
24826,MARSHALL,184
24826,JoDAVIESS,181
24826,JERSEY,172
24826,WASHINGTON,171
24826,EDGAR,169
24826,MOULTRIE,160
24826,FORD,159
24826,WAYNE,153
24826,MENARD,146
24826,PIKE,145
24826,CARROLL,142
24826,WHITE,132
24826,CASS,131
24826,JOHNSON,128
24826,CUMBERLAND,127
24826,CLAY,125
24826,CLARK,122
24826,WARREN,121
24826,WABASH,118
24826,HAMILTON,107
24826,SCHUYLER,102
24826,LAWRENCE,101
24826,STARK,99
24826,EDWARDS,98
24826,PUTNAM,86
24826,JASPER,83
24826,MASSAC,83
24826,BROWN,82
24826,HENDERSON,71
24826,GALLATIN,64
24826,GREENE,57
24826,PULASKI,52
24826,HARDIN,42
24826,SCOTT,42
24826,ALEXANDER,38
24826,POPE,35
24826,CALHOUN,21
24828,COOK,50561
24828,DuPAGE,10754
24828,WILL,7596
24828,LAKE,7419
24828,KANE,5184
24828,McHENRY,3977
24828,MADISON,3743
24828,ST. CLAIR,3477
24828,WINNEBAGO,3012
24828,SANGAMON,2751
24828,CHAMPAIGN,2710
24828,McLEAN,2653
24828,PEORIA,2251
24828,TAZEWELL,2030
24828,DeKALB,1546
24828,KENDALL,1544
24828,ROCK ISLAND,1377
24828,LaSALLE,1309
24828,KANKAKEE,1261
24828,MACON,1257
24828,WILLIAMSON,836
24828,ADAMS,730
24828,VERMILION,730
24828,GRUNDY,690
24828,COLES,672
24828,OGLE,663
24828,JACKSON,648
24828,WHITESIDE,633
24828,MACOUPIN,619
24828,HENRY,615
24828,BOONE,606
24828,WOODFORD,525
24828,KNOX,516
24828,FULTON,507
24828,FRANKLIN,485
24828,STEPHENSON,477
24828,JEFFERSON,471
24828,CLINTON,456
24828,MONTGOMERY,435
24828,BUREAU,431
24828,MONROE,426
24828,LEE,425
24828,CHRISTIAN,407
24828,MORGAN,395
24828,EFFINGHAM,379
24828,LIVINGSTON,368
24828,RANDOLPH,361
24828,LOGAN,339
24828,MARION,321
24828,SALINE,313
24828,JERSEY,311
24828,PIATT,293
24828,BOND,289
24828,McDONOUGH,288
24828,JoDAVIESS,285
24828,MERCER,277
24828,IROQUOIS,276
24828,SHELBY,261
24828,DeWITT,259
24828,PERRY,251
24828,PIKE,249
24828,FAYETTE,244
24828,CRAWFORD,236
24828,WASHINGTON,215
24828,MASON,214
24828,HANCOCK,212
24828,DOUGLAS,207
24828,UNION,206
24828,EDGAR,203
24828,CLARK,189
24828,GREENE,183
24828,RICHLAND,178
24828,MENARD,174
24828,WARREN,172
24828,WHITE,171
24828,CARROLL,164
24828,MARSHALL,154
24828,CASS,154
24828,FORD,154
24828,JOHNSON,143
24828,WAYNE,143
24828,MOULTRIE,140
24828,CLAY,136
24828,CUMBERLAND,136
24828,SCHUYLER,132
24828,MASSAC,129
24828,JASPER,126
24828,LAWRENCE,123
24828,HAMILTON,96
24828,WABASH,93
24828,STARK,90
24828,PUTNAM,88
24828,HENDERSON,85
24828,EDWARDS,73
24828,SCOTT,68
24828,GALLATIN,65
24828,CALHOUN,62
24828,BROWN,61
24828,POPE,52
24828,ALEXANDER,52
24828,PULASKI,46
24828,HARDIN,44
24829,COOK,57461
24829,DuPAGE,11964
24829,WILL,9217
24829,LAKE,7954
24829,KANE,5689
24829,McHENRY,4748
24829,MADISON,4186
24829,WINNEBAGO,3695
24829,ST. CLAIR,3437
24829,SANGAMON,2795
24829,McLEAN,2756
24829,CHAMPAIGN,2329
24829,PEORIA,2263
24829,TAZEWELL,2116
24829,KANKAKEE,1844
24829,KENDALL,1780
24829,DeKALB,1670
24829,ROCK ISLAND,1661
24829,LaSALLE,1630
24829,MACON,1288
24829,GRUNDY,850
24829,WILLIAMSON,837
24829,JACKSON,750
24829,WHITESIDE,742
24829,OGLE,718
24829,ADAMS,712
24829,BOONE,692
24829,MACOUPIN,647
24829,VERMILION,611
24829,COLES,585
24829,STEPHENSON,578
24829,KNOX,565
24829,HENRY,559
24829,FULTON,530
24829,WOODFORD,527
24829,LEE,493
24829,BUREAU,480
24829,FRANKLIN,480
24829,CHRISTIAN,465
24829,JEFFERSON,441
24829,MONTGOMERY,428
24829,MONROE,428
24829,MORGAN,425
24829,CLINTON,419
24829,LIVINGSTON,407
24829,EFFINGHAM,397
24829,RANDOLPH,372
24829,McDONOUGH,346
24829,MARION,346
24829,LOGAN,336
24829,JERSEY,313
24829,SALINE,306
24829,PIKE,290
24829,JoDAVIESS,288
24829,BOND,287
24829,PERRY,286
24829,MERCER,276
24829,IROQUOIS,269
24829,DeWITT,268
24829,SHELBY,268
24829,FAYETTE,246
24829,MASON,235
24829,PIATT,229
24829,WASHINGTON,217
24829,CRAWFORD,211
24829,UNION,204
24829,HANCOCK,196
24829,CARROLL,193
24829,WARREN,193
24829,RICHLAND,187
24829,GREENE,177
24829,EDGAR,171
24829,CLARK,166
24829,CASS,161
24829,DOUGLAS,161
24829,WHITE,160
24829,MENARD,159
24829,JOHNSON,151
24829,MARSHALL,146
24829,MOULTRIE,139
24829,SCHUYLER,138
24829,WAYNE,137
24829,MASSAC,135
24829,FORD,133
24829,LAWRENCE,130
24829,CLAY,127
24829,CUMBERLAND,126
24829,JASPER,121
24829,PUTNAM,108
24829,HENDERSON,104
24829,STARK,94
24829,HAMILTON,93
24829,WABASH,88
24829,BROWN,74
24829,EDWARDS,70
24829,SCOTT,64
24829,GALLATIN,59
24829,CALHOUN,57
24829,PULASKI,53
24829,POPE,53
24829,ALEXANDER,49
24829,HARDIN,41
24830,COOK,43792
24830,DuPAGE,8684
24830,WILL,6000
24830,LAKE,5863
24830,KANE,4378
24830,McHENRY,3167
24830,MADISON,3010
24830,SANGAMON,2908
24830,WINNEBAGO,2647
24830,ST. CLAIR,2387
24830,CHAMPAIGN,2185
24830,McLEAN,2179
24830,PEORIA,1673
24830,TAZEWELL,1482
24830,KENDALL,1282
24830,ROCK ISLAND,1170
24830,DeKALB,1168
24830,LaSALLE,1037
24830,KANKAKEE,977
24830,MACON,917
24830,WILLIAMSON,595
24830,VERMILION,584
24830,JACKSON,573
24830,WHITESIDE,513
24830,GRUNDY,508
24830,BOONE,508
24830,ADAMS,499
24830,MACOUPIN,499
24830,OGLE,494
24830,HENRY,428
24830,COLES,403
24830,WOODFORD,393
24830,STEPHENSON,385
24830,LEE,359
24830,FULTON,348
24830,KNOX,339
24830,FRANKLIN,337
24830,JEFFERSON,335
24830,CHRISTIAN,327
24830,MONROE,323
24830,EFFINGHAM,312
24830,MONTGOMERY,300
24830,BUREAU,300
24830,CLINTON,299
24830,MORGAN,284
24830,LOGAN,266
24830,LIVINGSTON,264
24830,MARION,257
24830,JERSEY,246
24830,McDONOUGH,237
24830,PIATT,220
24830,IROQUOIS,214
24830,JoDAVIESS,214
24830,RANDOLPH,214
24830,SALINE,200
24830,DeWITT,196
24830,SHELBY,191
24830,BOND,185
24830,MENARD,184
24830,PERRY,174
24830,MERCER,174
24830,FAYETTE,164
24830,PIKE,161
24830,MASON,160
24830,WASHINGTON,157
24830,CRAWFORD,152
24830,UNION,148
24830,DOUGLAS,141
24830,HANCOCK,139
24830,RICHLAND,132
24830,CLARK,130
24830,CARROLL,122
24830,WARREN,122
24830,EDGAR,121
24830,JOHNSON,118
24830,FORD,117
24830,MARSHALL,113
24830,WHITE,109
24830,CASS,109
24830,GREENE,107
24830,CLAY,102
24830,SCHUYLER,101
24830,WAYNE,98
24830,MASSAC,98
24830,LAWRENCE,93
24830,MOULTRIE,87
24830,HAMILTON,81
24830,WABASH,81
24830,CUMBERLAND,80
24830,JASPER,79
24830,STARK,76
24830,GALLATIN,59
24830,HENDERSON,59
24830,PUTNAM,53
24830,EDWARDS,48
24830,CALHOUN,46
24830,BROWN,43
24830,SCOTT,41
24830,ALEXANDER,37
24830,POPE,30
24830,PULASKI,28
24830,HARDIN,27
24831,COOK,38652
24831,DuPAGE,8724
24831,WILL,6466
24831,LAKE,6098
24831,KANE,4445
24831,McHENRY,3433
24831,MADISON,3414
24831,WINNEBAGO,2604
24831,ST. CLAIR,2595
24831,SANGAMON,2248
24831,McLEAN,1923
24831,CHAMPAIGN,1731
24831,PEORIA,1647
24831,TAZEWELL,1633
24831,KENDALL,1339
24831,ROCK ISLAND,1295
24831,DeKALB,1284
24831,LaSALLE,1281
24831,KANKAKEE,1108
24831,MACON,1020
24831,PERRY,1016
24831,WILLIAMSON,739
24831,JACKSON,697
24831,GRUNDY,672
24831,VERMILION,654
24831,WHITESIDE,599
24831,MACOUPIN,598
24831,ADAMS,597
24831,COLES,557
24831,OGLE,541
24831,BOONE,535
24831,HENRY,531
24831,KNOX,510
24831,FULTON,488
24831,FRANKLIN,476
24831,LEE,440
24831,JEFFERSON,430
24831,BUREAU,429
24831,WOODFORD,427
24831,STEPHENSON,420
24831,CHRISTIAN,412
24831,RANDOLPH,406
24831,MONROE,398
24831,CLINTON,384
24831,MONTGOMERY,375
24831,EFFINGHAM,365
24831,MORGAN,364
24831,LOGAN,321
24831,MARION,315
24831,LIVINGSTON,302
24831,JERSEY,299
24831,SALINE,287
24831,McDONOUGH,285
24831,SHELBY,263
24831,BOND,258
24831,MERCER,241
24831,PIKE,238
24831,JoDAVIESS,237
24831,IROQUOIS,231
24831,UNION,227
24831,FAYETTE,225
24831,CRAWFORD,222
24831,WASHINGTON,219
24831,MASON,213
24831,DeWITT,206
24831,PIATT,189
24831,CLARK,188
24831,HANCOCK,180
24831,WHITE,177
24831,EDGAR,173
24831,MENARD,164
24831,DOUGLAS,161
24831,CARROLL,157
24831,CASS,154
24831,JOHNSON,148
24831,RICHLAND,147
24831,GREENE,146
24831,WARREN,145
24831,MASSAC,138
24831,MOULTRIE,136
24831,WAYNE,135
24831,LAWRENCE,132
24831,SCHUYLER,130
24831,CLAY,124
24831,FORD,121
24831,CUMBERLAND,112
24831,HAMILTON,111
24831,MARSHALL,102
24831,JASPER,100
24831,WABASH,90
24831,HENDERSON,83
24831,PUTNAM,81
24831,EDWARDS,74
24831,GALLATIN,73
24831,STARK,70
24831,ALEXANDER,67
24831,CALHOUN,65
24831,HARDIN,60
24831,BROWN,57
24831,SCOTT,55
24831,PULASKI,54
24831,POPE,53
24837,COOK,13187
24837,WILL,4178
24839,COOK,32723
24839,DuPAGE,12486
24839,WILL,9969
24839,WINNEBAGO,8037
24839,SANGAMON,7855
24839,LAKE,7069
24839,KANE,6273
24839,MADISON,6251
24839,McHENRY,3600
24839,MACOUPIN,3480
24839,TAZEWELL,3339
24839,ST. CLAIR,3276
24839,CHAMPAIGN,3093
24839,PEORIA,3031
24839,MORGAN,2843
24839,McLEAN,2674
24839,MONTGOMERY,2593
24839,PIKE,2537
24839,MACON,2391
24839,ROCK ISLAND,2342
24839,WILLIAMSON,2300
24839,KENDALL,2141
24839,VERMILION,2124
24839,LaSALLE,2020
24839,CHRISTIAN,1971
24839,OGLE,1827
24839,KANKAKEE,1816
24839,JERSEY,1666
24839,ADAMS,1643
24839,BOONE,1634
24839,DeKALB,1611
24839,STEPHENSON,1451
24839,GREENE,1439
24839,FRANKLIN,1426
24839,COLES,1361
24839,LOGAN,1318
24839,FAYETTE,1263
24839,EFFINGHAM,1259
24839,WHITESIDE,1249
24839,FULTON,1230
24839,SHELBY,1182
24839,KNOX,1150
24839,JACKSON,1126
24839,GRUNDY,1118
24839,LEE,1091
24839,JEFFERSON,1085
24839,SALINE,1062
24839,HENRY,1040
24839,WOODFORD,969
24839,BUREAU,910
24839,RANDOLPH,877
24839,PERRY,853
24839,LIVINGSTON,852
24839,McDONOUGH,831
24839,MARION,782
24839,SCOTT,753
24839,CLINTON,728
24839,CASS,704
24839,MONROE,678
24839,IROQUOIS,675
24839,UNION,641
24839,JOHNSON,619
24839,BOND,612
24839,CALHOUN,568
24839,CRAWFORD,565
24839,MENARD,565
24839,MASON,558
24839,HANCOCK,523
24839,MERCER,510
24839,DOUGLAS,495
24839,PIATT,481
24839,MOULTRIE,478
24839,SCHUYLER,477
24839,EDGAR,461
24839,JoDAVIESS,430
24839,BROWN,426
24839,WARREN,419
24839,WAYNE,418
24839,CUMBERLAND,416
24839,CLARK,397
24839,DeWITT,379
24839,MASSAC,379
24839,HAMILTON,367
24839,FORD,354
24839,CARROLL,341
24839,WASHINGTON,327
24839,RICHLAND,325
24839,WHITE,314
24839,JASPER,311
24839,MARSHALL,292
24839,CLAY,248
24839,PULASKI,204
24839,WABASH,201
24839,LAWRENCE,198
24839,HARDIN,187
24839,GALLATIN,176
24839,POPE,162
24839,HENDERSON,153
24839,PUTNAM,147
24839,STARK,131
24839,ALEXANDER,104
24839,EDWARDS,91
24842,MADISON,29591
24842,ST. CLAIR,2592
24842,JERSEY,366
24847,KANE,30789
24847,McHENRY,15251
24848,COOK,58896
24848,KANKAKEE,4188
24848,WILL,3184
24849,COOK,24562
24849,KANKAKEE,4165
24849,WILL,3212
24850,COOK,15344
24851,LAKE,15858
24851,COOK,1140
24852,DuPAGE,18838
24852,COOK,1545
24853,LAKE,25457
24853,COOK,119
24854,McHENRY,7
24854,COOK,4
24854,MERCER,1
24854,KNOX,1
24854,POPE,0
24854,PIKE,0
24854,SCOTT,0
24854,MORGAN,0
24854,ALEXANDER,0
24854,McLEAN,0
24854,RICHLAND,0
24854,JERSEY,0
24854,FULTON,0
24854,IROQUOIS,0
24854,JOHNSON,0
24854,GALLATIN,0
24854,MASSAC,0
24854,BOONE,0
24854,HANCOCK,0
24854,JEFFERSON,0
24854,STARK,0
24854,WHITE,0
24854,HENRY,0
24854,CARROLL,0
24854,KANE,0
24854,JoDAVIESS,0
24854,CLARK,0
24854,KANKAKEE,0
24854,JASPER,0
24854,CLAY,0
24854,SANGAMON,0
24854,CALHOUN,0
24854,SALINE,0
24854,WOODFORD,0
24854,WASHINGTON,0
24854,EDWARDS,0
24854,WHITESIDE,0
24854,ROCK ISLAND,0
24854,CASS,0
24854,LAWRENCE,0
24854,ADAMS,0
24854,MARSHALL,0
24854,MONTGOMERY,0
24854,PERRY,0
24854,HAMILTON,0
24854,PUTNAM,0
24854,MASON,0
24854,CUMBERLAND,0
24854,STEPHENSON,0
24854,CHRISTIAN,0
24854,DeKALB,0
24854,FORD,0
24854,PIATT,0
24854,DeWITT,0
24854,WARREN,0
24854,BROWN,0
24854,SCHUYLER,0
24854,MACOUPIN,0
24854,CRAWFORD,0
24854,SHELBY,0
24854,DuPAGE,0
24854,MENARD,0
24854,LIVINGSTON,0
24854,WILLIAMSON,0
24854,DOUGLAS,0
24854,PEORIA,0
24854,GRUNDY,0
24854,ST. CLAIR,0
24854,MONROE,0
24854,MADISON,0
24854,LOGAN,0
24854,EDGAR,0
24854,GREENE,0
24854,CLINTON,0
24854,HARDIN,0
24854,WAYNE,0
24854,McDONOUGH,0
24854,OGLE,0
24854,LEE,0
24854,KENDALL,0
24854,LaSALLE,0
24854,WABASH,0
24854,RANDOLPH,0
24854,PULASKI,0
24854,MARION,0
24854,WILL,0
24854,FRANKLIN,0
24854,HENDERSON,0
24854,EFFINGHAM,0
24854,VERMILION,0
24854,WINNEBAGO,0
24854,LAKE,0
24854,FAYETTE,0
24855,COOK,10
24855,DuPAGE,2
24855,MASON,1
24855,MACOUPIN,1
24855,LAKE,1
24855,WILL,1
24855,FULTON,0
24855,HENRY,0
24855,GALLATIN,0
24855,JASPER,0
24855,BOONE,0
24855,HANCOCK,0
24855,RICHLAND,0
24855,JERSEY,0
24855,STARK,0
24855,WHITE,0
24855,CARROLL,0
24855,KANE,0
24855,IROQUOIS,0
24855,JOHNSON,0
24855,CLARK,0
24855,KANKAKEE,0
24855,CLAY,0
24855,SANGAMON,0
24855,JEFFERSON,0
24855,BOND,0
24855,SALINE,0
24855,WOODFORD,0
24855,WASHINGTON,0
24855,EDWARDS,0
24855,WHITESIDE,0
24855,JoDAVIESS,0
24855,CASS,0
24855,LAWRENCE,0
24855,ADAMS,0
24855,MARSHALL,0
24855,MONTGOMERY,0
24855,CALHOUN,0
24855,HAMILTON,0
24855,PUTNAM,0
24855,CUMBERLAND,0
24855,STEPHENSON,0
24855,ROCK ISLAND,0
24855,FORD,0
24855,DOUGLAS,0
24855,PIATT,0
24855,DeWITT,0
24855,WARREN,0
24855,PERRY,0
24855,LOGAN,0
24855,CRAWFORD,0
24855,CHRISTIAN,0
24855,DeKALB,0
24855,WILLIAMSON,0
24855,McDONOUGH,0
24855,PEORIA,0
24855,GRUNDY,0
24855,BROWN,0
24855,SCHUYLER,0
24855,RANDOLPH,0
24855,MERCER,0
24855,EDGAR,0
24855,GREENE,0
24855,MENARD,0
24855,LIVINGSTON,0
24855,KENDALL,0
24855,LaSALLE,0
24855,OGLE,0
24855,LEE,0
24855,ST. CLAIR,0
24855,MADISON,0
24855,MARION,0
24855,CLINTON,0
24855,WAYNE,0
24855,HENDERSON,0
24855,EFFINGHAM,0
24855,WINNEBAGO,0
24855,McHENRY,0
24855,WABASH,0
24855,KNOX,0
24855,FAYETTE,0
24855,MORGAN,0
24855,MASSAC,0
24855,ALEXANDER,0
24855,McLEAN,0
24855,VERMILION,0
24855,POPE,0
24855,PIKE,0
24855,SCOTT,0
24856,McHENRY,7
24856,COOK,3
24856,DuPAGE,2
24856,SANGAMON,1
24856,MERCER,1
24856,LAKE,1
24856,JERSEY,0
24856,FULTON,0
24856,HENRY,0
24856,CARROLL,0
24856,JOHNSON,0
24856,GALLATIN,0
24856,JASPER,0
24856,CLAY,0
24856,HANCOCK,0
24856,RICHLAND,0
24856,STARK,0
24856,WHITE,0
24856,WASHINGTON,0
24856,EDWARDS,0
24856,KANE,0
24856,IROQUOIS,0
24856,CLARK,0
24856,KANKAKEE,0
24856,ADAMS,0
24856,MARSHALL,0
24856,JEFFERSON,0
24856,SALINE,0
24856,WOODFORD,0
24856,MASON,0
24856,CUMBERLAND,0
24856,WHITESIDE,0
24856,JoDAVIESS,0
24856,LAWRENCE,0
24856,DeWITT,0
24856,WARREN,0
24856,PERRY,0
24856,MONTGOMERY,0
24856,CALHOUN,0
24856,CRAWFORD,0
24856,SHELBY,0
24856,CHRISTIAN,0
24856,STEPHENSON,0
24856,ROCK ISLAND,0
24856,DOUGLAS,0
24856,PEORIA,0
24856,GRUNDY,0
24856,BROWN,0
24856,HAMILTON,0
24856,PUTNAM,0
24856,LOGAN,0
24856,EDGAR,0
24856,GREENE,0
24856,MENARD,0
24856,DeKALB,0
24856,FORD,0
24856,McDONOUGH,0
24856,OGLE,0
24856,LEE,0
24856,ST. CLAIR,0
24856,SCHUYLER,0
24856,MACOUPIN,0
24856,RANDOLPH,0
24856,PULASKI,0
24856,CLINTON,0
24856,LIVINGSTON,0
24856,WILLIAMSON,0
24856,FRANKLIN,0
24856,HENDERSON,0
24856,EFFINGHAM,0
24856,KENDALL,0
24856,MONROE,0
24856,MADISON,0
24856,KNOX,0
24856,FAYETTE,0
24856,MARION,0
24856,HARDIN,0
24856,WAYNE,0
24856,WILL,0
24856,ALEXANDER,0
24856,McLEAN,0
24856,VERMILION,0
24856,LaSALLE,0
24856,WABASH,0
24856,WINNEBAGO,0
24856,POPE,0
24856,PIKE,0
24856,UNION,0
24856,SCOTT,0
24856,MORGAN,0
24856,MASSAC,0
24856,BOONE,0
24857,COOK,8
24857,McHENRY,5
24857,ST. CLAIR,4
24857,DuPAGE,3
24857,LAKE,3
24857,SANGAMON,2
24857,KANE,1
24857,KANKAKEE,1
24857,JACKSON,1
24857,DeKALB,1
24857,TAZEWELL,1
24857,CHRISTIAN,1
24857,MADISON,1
24857,RICHLAND,0
24857,FULTON,0
24857,HENRY,0
24857,CARROLL,0
24857,JOHNSON,0
24857,JASPER,0
24857,CLAY,0
24857,JEFFERSON,0
24857,HANCOCK,0
24857,STARK,0
24857,WHITE,0
24857,WASHINGTON,0
24857,EDWARDS,0
24857,WHITESIDE,0
24857,IROQUOIS,0
24857,CLARK,0
24857,ADAMS,0
24857,MARSHALL,0
24857,MONTGOMERY,0
24857,BOND,0
24857,SALINE,0
24857,WOODFORD,0
24857,CUMBERLAND,0
24857,STEPHENSON,0
24857,JoDAVIESS,0
24857,CASS,0
24857,LAWRENCE,0
24857,PIATT,0
24857,DeWITT,0
24857,WARREN,0
24857,CALHOUN,0
24857,HAMILTON,0
24857,PUTNAM,0
24857,CRAWFORD,0
24857,SHELBY,0
24857,ROCK ISLAND,0
24857,FORD,0
24857,DOUGLAS,0
24857,PEORIA,0
24857,GRUNDY,0
24857,PERRY,0
24857,SCHUYLER,0
24857,MACOUPIN,0
24857,LOGAN,0
24857,EDGAR,0
24857,LIVINGSTON,0
24857,McDONOUGH,0
24857,OGLE,0
24857,LEE,0
24857,BROWN,0
24857,RANDOLPH,0
24857,PULASKI,0
24857,CLINTON,0
24857,HARDIN,0
24857,MENARD,0
24857,FRANKLIN,0
24857,HENDERSON,0
24857,EFFINGHAM,0
24857,KENDALL,0
24857,LaSALLE,0
24857,MONROE,0
24857,KNOX,0
24857,FAYETTE,0
24857,MARION,0
24857,WAYNE,0
24857,WILL,0
24857,ALEXANDER,0
24857,McLEAN,0
24857,VERMILION,0
24857,WINNEBAGO,0
24857,WABASH,0
24857,SCOTT,0
24857,MORGAN,0
24857,MASSAC,0
24857,BOONE,0
24857,UNION,0
24857,POPE,0
24857,PIKE,0
24858,COOK,5
24858,WILL,2
24858,DuPAGE,1
24858,CLINTON,1
24858,BUREAU,1
24858,MADISON,1
24858,KENDALL,1
24858,HANCOCK,0
24858,RICHLAND,0
24858,PIKE,0
24858,JOHNSON,0
24858,GALLATIN,0
24858,SCOTT,0
24858,MORGAN,0
24858,MASSAC,0
24858,BOONE,0
24858,STARK,0
24858,WHITE,0
24858,JERSEY,0
24858,HENRY,0
24858,CARROLL,0
24858,IROQUOIS,0
24858,CLARK,0
24858,KANKAKEE,0
24858,JASPER,0
24858,CLAY,0
24858,SANGAMON,0
24858,JEFFERSON,0
24858,SALINE,0
24858,WOODFORD,0
24858,WASHINGTON,0
24858,EDWARDS,0
24858,WHITESIDE,0
24858,JoDAVIESS,0
24858,CASS,0
24858,LAWRENCE,0
24858,ADAMS,0
24858,MARSHALL,0
24858,MONTGOMERY,0
24858,CALHOUN,0
24858,HAMILTON,0
24858,SHELBY,0
24858,MASON,0
24858,CUMBERLAND,0
24858,STEPHENSON,0
24858,ROCK ISLAND,0
24858,DOUGLAS,0
24858,GRUNDY,0
24858,PIATT,0
24858,DeWITT,0
24858,WARREN,0
24858,PERRY,0
24858,EDGAR,0
24858,GREENE,0
24858,CHRISTIAN,0
24858,DeKALB,0
24858,FORD,0
24858,LEE,0
24858,MONROE,0
24858,BROWN,0
24858,SCHUYLER,0
24858,MACOUPIN,0
24858,LOGAN,0
24858,HARDIN,0
24858,MENARD,0
24858,McDONOUGH,0
24858,OGLE,0
24858,LaSALLE,0
24858,WABASH,0
24858,RANDOLPH,0
24858,PULASKI,0
24858,MERCER,0
24858,ALEXANDER,0
24858,McLEAN,0
24858,WAYNE,0
24858,HENDERSON,0
24858,EFFINGHAM,0
24858,VERMILION,0
24858,WINNEBAGO,0
24858,LAKE,0
24858,FAYETTE,0
24858,MARION,0
24859,CHAMPAIGN,4
24859,CALHOUN,0
24859,PIATT,0
24859,DeWITT,0
24859,MACOUPIN,0
24859,JERSEY,0
24859,SANGAMON,0
24859,BOND,0
24859,GREENE,0
24859,MADISON,0
24859,MONTGOMERY,0
24859,PIKE,0
24859,SCOTT,0
24859,MORGAN,0
24860,MADISON,1
24860,PIKE,0
24860,JERSEY,0
24860,SANGAMON,0
24860,CALHOUN,0
24860,MACOUPIN,0
24860,GREENE,0
24861,WARREN,127
24861,HANCOCK,8
24861,McDONOUGH,7
24861,ADAMS,6
24861,FULTON,4
24861,SCHUYLER,4
24861,KNOX,2
24861,MASON,1
24861,HENDERSON,1
24861,BROWN,0
24862,MADISON,4
24862,SANGAMON,3
24862,BOND,0
24862,MONTGOMERY,0
24862,CALHOUN,0
24862,PIATT,0
24862,DeWITT,0
24862,JERSEY,0
24862,MACOUPIN,0
24862,GREENE,0
24863,COOK,1
24863,McHENRY,1
24863,KANE,1
24863,DuPAGE,0
24863,LAKE,0
24863,WILL,0
24864,SANGAMON,2
24865,SANGAMON,7
24865,MACON,3
24865,CHRISTIAN,0
24866,CLARK,5
24867,MONTGOMERY,2
24867,MACOUPIN,2
24867,MADISON,1
24867,CHRISTIAN,0
24868,DuPAGE,0
24869,COOK,1067
24869,WILL,282
24869,DuPAGE,4
24870,COOK,4
24870,DuPAGE,0
24870,WILL,0
24871,COOK,5
24871,DuPAGE,0
24872,COOK,967
24872,WILL,72
24872,DuPAGE,0
24873,COOK,0
24874,COOK,20
24875,COOK,17
24876,COOK,2
24877,COOK,0
24878,COOK,1
24879,COOK,6
24880,COOK,23
24881,COOK,6
24882,WINNEBAGO,2
